3803493713	02	https://00.img.avito.st/image/1/1.3LjBm7awcFH3LPJc9ZzLwNA7clFxMnhbdw.YDC2nRNI-9QjbM-gFHfjZWKmVZ7pg3tcda209Qjnlag
3803493713	03	https://00.img.avito.st/image/1/1.paGATrawCUi2-YtFxgCI35HuC0gw5wFCNg.xDVk6e19JrnKUmnY5I1dN8DioqbTj4OxAcUuZnAfVCE
3803493713	04	https://00.img.avito.st/image/1/1.6Mndh7awRCDrMMYtgZDr94YmRiBtLkwqaw.M6g_UOra8OpDkK-_xX-BFK1IxloaVR9rG6Ev5OASTMk
3803493713	05	https://00.img.avito.st/image/1/1.jOu4grawIAKONaIPrNjry-MjIgIIKygIDg.UTLcPfyNVZxXlTQZ7V6t5EOU4jMYhGuwOE9TndQB1uk
3803493713	06	https://00.img.avito.st/image/1/1.m1c0WLawN74C77WzDlLcLSX4Nb6E8T-0gg.z5WeqpQoD-_UrA8kgxfc7ZaVr4BfRierbGlvfRhf1aE
3803493713	07	https://00.img.avito.st/image/1/1.VZ5ITbaw-Xd--nt6bmRH5lnt-3f45PF9_g.CMAJt8I_KVi_vr_0J_mIarNK2S4OVj5-eBvTu-t2Xlo
3803493713	08	https://00.img.avito.st/image/1/1.YadyZ7awzU5E0E9DPFZCmynGz07CzsVExA.s_pRRrl9qT9ut79lcj6VaQ6BU79aVD_d9OxhCUA7B5w
3803493713	09	https://00.img.avito.st/image/1/1.0QxITbawfeV--v_oZm7JdFntf-X45HXv_g.5YjqitRq2Td30QlVmHyoBNCmdF23C2h7UM3DH2qgeD4
2011844298	01	https://00.img.avito.st/image/1/1.9d_6drawWTbMwds7nDnH4qHXWzZK31E8TA.JMP9G68YI9e7SU5X72xl_DsXlr-zP07wuJbeBBiRHIs
2011844298	02	https://00.img.avito.st/image/1/1.mQ3BTbawNeT3-rfp_yeZddDtN-Rx5D3udw.bzJGjurHI9HmPWDSazpHnR0mcONl1NthYfoDnhajWM8
2011844298	03	https://00.img.avito.st/image/1/1.mjDZfrawNtnvybTU4VzKT8jeNNlp1z7Tbw.K7Q2Pb9X5VsYoFHs64CzPs8roEohXJ_TVxe09IdqiRc
2011844298	04	https://00.img.avito.st/image/1/1.Zjel9bawyt6TQkjT5exhfsVUyN4VXMLUEw.aANPgrRh-PDshNcifXXM5KO1_rV528ymfTNRoa-V388
2011844298	05	https://00.img.avito.st/image/1/1.8Andj7awXODrON7tsZTyN4YuXuBtJlTqaw.MaKHV6V8pHj5TtKj4v5It72hB0KHGQCcZKxuuec8jeM
2011844298	06	https://00.img.avito.st/image/1/1.PjYK-7awkt88TBDSes87SRtbkN-6UprVvA.OdvVCm16VttInWr5IsRYqb0mUneJqrbS-V843JQVAgk
2011844298	07	https://00.img.avito.st/image/1/1.m9uaErawNzKspbU_oFD358GzNTIquz84LA.7-4-FTcQG3hg6maGi6AeCAB9S_XUnISY7Z83SXhAt9I
2011844298	08	https://00.img.avito.st/image/1/1.x0h1GLawa6FDr-msd0uvMWS4aaHFsWOrww.dwj-efl0GwvORSxeCaGG-5VcohNVjYVN24cXT1FDnR8
2011844298	09	https://00.img.avito.st/image/1/1.A1G_eLawr7iJzy21tRRmKK7YrbgP0aeyCQ.vlAWKN8BfLuZOCaNn3S88SI5TnQ4dGytlPDYFrGbeWU
2939472546	01	https://00.img.avito.st/image/1/1.VNit1Law-DGbY3o8iZlVoLx0-jEdffA7Gw.L9aLz6t8-6ng6yKeY5K78HZalXJm1inQ3zt2f47tBjo
2939472546	02	https://00.img.avito.st/image/1/1.7MTB4LawQC33V8IglZuNvdBAQi1xSUgndw.60h7wfL5TzGYl2XGn4K19cOhRji827fCGn2CVwpWjY4
2939472546	03	https://00.img.avito.st/image/1/1.63APVrawR5k54cWUVTHxCB72RZm__0-TuQ.YHdPgFD8nl_UR6AGY9_PvambA1izGi_fkX55suJ57PE
2939472546	04	https://00.img.avito.st/image/1/1.0Iv8QbawfGLK9v5v0Dq-t6fgfmJM6HRoSg.0jfNS8Zu3G-zoDAfBHZ-J2Nq42roA3u_LvVbcBRa7iE
2939472546	05	https://00.img.avito.st/image/1/1.9bVYJbawWVxukttRPl6UzEmFW1zojFFW7g.aas8KYvVYvWO0LdjLZawpTLb2NMMUhTyf_RcBmSpxCs
2939472546	06	https://00.img.avito.st/image/1/1.tMsG1bawGCIwYpovYvez7V10GiK2fBAosA.qrBsaqZ9xYuekgL2LjZ2gJn6DLstAtG-iEzMkoQnmVI
2939472546	07	https://00.img.avito.st/image/1/1.b1Da0raww7nsZUG0iOc5L8tywblqe8uzbA.HcnP1ETecW_Zg5m0AzxfM1J53ER-qxarK_ugDKH1G0M
2939472546	08	https://00.img.avito.st/image/1/1.HNJ91LawsDtLYzI2ScgIqmx0sjvNfbgxyw.GHfb0p7e5xgPJNH6GHo-Uz4nkPb1S101aYYBO13v7i8
2939472546	09	https://00.img.avito.st/image/1/1.rJz1cLawAHXDx4J4oXbM5eTQAnVF2Qh_Qw.-1SvxdTUddvfozz6M32ivC2_-HSN_saMtjqrRTjuoPM
2939472546	10	https://00.img.avito.st/image/1/1.XQXILbaw8ez-mnPh_jxEfdmN8-x4hPnmfg.4pHDVXxIFB8MiFOiuGRuaOF41OkeyxaqpSIPYj-JWmM
1755154176	01	https://00.img.avito.st/image/1/1.WTXkTbaw9dzS-nfR2gxbSvXt99xU5P3WUg.A3THhngnMG_ho1hzOfT99RComQbFk6ieKydTrh9tOks
1755154176	02	https://00.img.avito.st/image/1/1.woL7eLawbmvNz-xm83-R_erYbGtL0WZhTQ.3X94WIYEWqto4QzCQyB7UKy4l1mx7bbFER5sZhhrOqg
1755154176	03	https://00.img.avito.st/image/1/1.7sBrH7awQildqMAkO2Tov3q_QCnbtkoj3Q.9rq2V9UHmjBlOOwMcnzIo1Mbg5P9QvWxNH8CZQrFKmQ
1755154176	04	https://00.img.avito.st/image/1/1.JW1ZtLawiYRvAwuJH6BVF0gUi4TpHYGO7w.fxbM02Z3IWuHdFumzJ6s0OC6SD1sSIvAqCuFfSykFtA
1755154176	05	https://00.img.avito.st/image/1/1.3EDB4bawcKn3VvKk9Z6-OdBBcqlxSHijdw.S12LvTkJRMLAxdmK0zFmrN5rU3adWtH9tMBgQTxkM48
1755154176	06	https://00.img.avito.st/image/1/1.iZPYS7awJXru_Kd3xl3p6snrJ3po4i1wbg.rqJDONzwJcVVogY65sRtr4TKzc6Wk_VihszteNPOogU
1755154176	07	https://00.img.avito.st/image/1/1.A1cWGLawr74gry2zHFhMLQe4rb6msae0oA.in6Ua1elNRk1rcCYnBzk2NnP6dcAaXzufv8-oYcejCc
1755154176	08	https://00.img.avito.st/image/1/1.1QSYbbawee2u2vvgvl6cfonNe-0oxHHnLg.oHfyfLiB7KsqLNJplzvR1ErgBfCY75ZpbVC3ng1sywE
1755154176	09	https://00.img.avito.st/image/1/1.jZ5ITbawIXd--qN6Xmef5lntI3f45Cl9_g.cQy_bP2aYUfHm6nB2e4y5wSnPQ_CMQ83ZpqMpm-0ZvM
1755154176	10	https://00.img.avito.st/image/1/1.djZmeLaw2t9Qz1jSBkEXT3fY2N_W0dLV0A.-zLsAUewTSWuF5VQnYCVqwI5MaA4i4nsL2v6zVSPw28
1979131750	01	https://00.img.avito.st/image/1/1.9HjB77awWJH3WNqcpaiKAdBPWpFxRlCbdw.ifaYwHJdqyYPROv71UTNYl6LM1pKmKJ0Ve5ckyGcNqQ
1979131750	02	https://00.img.avito.st/image/1/1.BQSaVbawqe2s4ivgnHlOfov1q-0q_KHnLA.QKtEkcGDDxoDDwQ55r7bxp5kSPDjIsub2rru0ctJX2k
1979131750	03	https://00.img.avito.st/image/1/1.S39NFLaw55Z7o2WbV11JAFy05Zb9ve-c-w.zeGFk4mbHhZSYZG4i0fjHl7hX5m-u0ISv_LUVMPt5rg
7993942545	01	https://00.img.avito.st/image/1/1.89AKGbawXzk8rt00YAq6qhu5XTm6sFczvA.VgFIkK-VXYNU_b2JtjQ8HNq23AH2iYHdLhkmb-83gQ0
7993942545	02	https://00.img.avito.st/image/1/1.Q_APVbaw7xk54m0UBUBZiB717Rm__OcTuQ.oysKEBOXnNnmqL0tM8o-m8vaM54xUskalVjEiF7hP4U
7993942545	03	https://00.img.avito.st/image/1/1.WjB2jraw9tlAOXTUTtNdT2cu9NnGJ_7TwA.A57zT3LhlC2wW3xq4bCa3RtdsaRYIqj8mazG6UBAaRQ
7993942545	04	https://00.img.avito.st/image/1/1.51B8LrawS7lKmcm0PmGqKm2OSbnMh0Ozyg.5O2fGOwnJEpXCb8pYdG3is2eYmSOxOHMnd3wmIdLdHo
7993942545	05	https://00.img.avito.st/image/1/1.eYVe27aw1WxobFdhIM4Z_E9712zuct1m6A.myyTM0sadI4SX16l27AKt_CVwWGAhwIco2LZMkYxnuc
7993942545	06	https://00.img.avito.st/image/1/1.NKfZ1LawmE7vYxpDvexL3sh0mk5pfZBEbw.a59UMR0xU1peRijus2vef_nq8kmLRvPsp25niNuaeO4
7993942545	07	https://00.img.avito.st/image/1/1.U2vtFLaw_4Lbo32Px0lUFPy0_YJdvfeIWw.zbPvPs7E4A7SqsUm2IFvqDjoEn4vIZXZjeIAvEi3OQc
7993942545	08	https://00.img.avito.st/image/1/1.d1Ar5raw27kdUVm0SbtlKDpG2bmbT9OznQ.oDrMe5x0PP3UFX8RxQyUcG5hv0F2kEv3q4R4hRf6bsE
7993942545	09	https://00.img.avito.st/image/1/1.R1YNZraw67870WmyD0s2LBzG6b-9z-O1uw.lXyWXuc1YBOoVCz3W-pwKakefDwpKn3W_tcYmwfuvco
7993942545	10	https://00.img.avito.st/image/1/1.c1JSmLaw37tkL122OMltKkM43bviMdex5A.DxwmznV3BaVTO771pbMuxsLPBCdrZV-jNLBYzCWVNiM
