2267637746	01	https://00.img.avito.st/image/1/1.OT8mzbawldYQehfbWJkXQTdtl9aWZJ3ckA.jc-W20kkcvHP5pUV1jkOgqUHgHBjFSedmcv2mkRtEh0
2267637746	02	https://00.img.avito.st/image/1/1.tjZ507awGt9PZJjSGcWqTmhzGN_JehLVzw.v7WgM7v8Ghh-wuLGPAo57ymNeMIf9d8ahpz7RFukPxs
2267637746	03	https://00.img.avito.st/image/1/1.mJhfFLawNHFpo7Z8Y1qC4E60NnHvvTx76Q.rMGm1vVRenN4LaD2N1fQVKUfgFQSH2MWe0Jle8o8gaQ
2267637746	04	https://00.img.avito.st/image/1/1.wTRYRLawbd1u8-_QVm_bTEnkb93o7WXX7g.SguPpLjNOPlvWyMXH-NCo_RqnJTqRTMcBZ9VgDfUvU4
2267637746	05	https://00.img.avito.st/image/1/1.1QUyRbaweewE8vvhFGK2fCPle-yC7HHmhA.RPcWfgh9jucYXRXSm-jX8OzIIV4eDyx2sVk65RDHiO0
2267637746	06	https://00.img.avito.st/image/1/1.njYKE7awMt88pLDSOgWcSRuzMN-6ujrVvA.3P5O71LzRU1A0fUmjyIByUZCisOB1VQrAgL8rwUaadI
2267637746	07	https://00.img.avito.st/image/1/1.htNrR7awKjpd8Kg3a3HAqXrnKDrb7iIw3Q.wQeXFZTBoc7FbBuohVYtIBeaelmXkt6fRI56YNAR8ys
2267637746	08	https://00.img.avito.st/image/1/1.ZyCTGLawy8mlr0nE0QUsWoK4yckjscPDJQ.ybmPvzQwUcMAxO2AtM0qgtSz79ITXR1KJtEM1l5R_b0
3739102357	01	https://00.img.avito.st/image/1/1.k4htGbawP2Fbrr1sRzfs8Xy5PWHdsDdr2w.QCxnik3ufkXvVQEpn424kKEgl037LPP7edQAVnrJMVc
3739102357	02	https://00.img.avito.st/image/1/1.RCjAX7aw6MH26GrMxEpaV9H_6sFw9uDLdg.AxPKFqoYqhlrdRU-pd9kCyNf6xWkQzvPK5IZu1zV7Qs
3739102357	03	https://00.img.avito.st/image/1/1.AJhhVLawrHFX4y58bXwd4HD0rnHR_aR71w.Vwzc1uw9WqvzGxPecDucevM-Cmt2QStCtKKLaSepCQY
3739102357	04	https://00.img.avito.st/image/1/1.hLjAerawKFH2zapcxHzRx9HaKlFw0yBbdg.KD7AGeYdxoSBBLxx3y4X0mAN9pAO-9qZgMvXGLRc9Vs
3739102357	05	https://00.img.avito.st/image/1/1.pgn3frawCuDByYjttyzTc-beCOBH1wLqQQ.J7s4-FPFtXwYv1XuyOiUtfholAPSiB6KD-XWoQmGkFo
3739102357	06	https://00.img.avito.st/image/1/1.3Zf6rbawcX7MGvNzzMa0q6EMc35KBHl0TA.TgJK2GGxaBlz8S53iO18k6P6quwHr44yc1OztRCb-jg
3739102357	07	https://00.img.avito.st/image/1/1.nJ1KMLawMHR8h7J5fnaC4luQMnT6mTh-_A.ppbq881d_boo_Iion9tV30TTKatsNJlJ5siOX4T0L4Q
3739102357	08	https://00.img.avito.st/image/1/1.sPuDgbawHBK1Np4f74fR29ggHhIzKBQYNQ.UnjtEOL6OO7zQhoyzrau7HIu20CtaDo-h4tbPKUZtNw
3739102357	09	https://00.img.avito.st/image/1/1.VkfJKraw-q7_nXij6QNSeZKL-K55g_Kkfw.WB1HplX5lO0hzOv4PfTIXWFXBxknV6uMhny4Sc_fkE0
3739102357	10	https://00.img.avito.st/image/1/1.Urt7fbaw_lJNynxfUxgdwWrd_FLL1PZYzQ.JeCQ_HpewBXYc29d1Z-RXXY6e7A2eWCEf8V7CWe1-oo
2235530669	01	https://00.img.avito.st/image/1/1.UdnYRLaw_TDu83899gFFocnk_zBo7fU6bg.VRC2CfwjUwGyZfvSwjjeb90FPUlLFuG39JTu34L5OP4
2235530669	02	https://00.img.avito.st/image/1/1.bjYAYLawwt8210DSUDk_SRHAwN-wycrVtg.4J70b9M4Vcjx7brMVlFDTOIHnC2Lc1HVal0aA1R3vS4
2235530669	03	https://00.img.avito.st/image/1/1.DwwN27awo-U7bCHoH8MLcxx7oeW9cqvvuw.sdxt3qkLfNr7weEZlGONeqX8ByJBnXR0ZT5DxnqOJvM
2235530669	04	https://00.img.avito.st/image/1/1.U8jtFraw_yHboX0sxyt8tvy2_SFdv_crWw.wEH7IedMH18_s7CX6Ke7RyS1xbIlzTzPgdo1SC7Sub0
2235530669	05	https://00.img.avito.st/image/1/1.3Z1bF7awcXRtoPN5bXiO4kq3c3Trvnl-7Q.J8gCnLi0CvPx8vpV3QvSA4XnFuIz2vznrEqVkaSq9xs
2235530669	06	https://00.img.avito.st/image/1/1.Svx-J7aw5hVIkGQYZgIm3CWG5BXOju4fyA.kLJemwkL3T9Rdrpl4nGgF1BQG3Xj9yYkerYs-kaqecw
2235530669	07	https://00.img.avito.st/image/1/1.CAnU3rawpODiaSbtyNYgNY9_puBkd6zqYg.rcwjWD7BrRc2UYH7jlZUD1R07ivWRqWEGKxjaEQAUOw
2235530669	08	https://00.img.avito.st/image/1/1._kLXfrawUqvhydCmpy3SPMbeUKtn11qhYQ.6Y4ca6rxkAfjCk4ljwzAYZewEzM7HDSu7gukSc3gFYg
2235530669	09	https://00.img.avito.st/image/1/1.U96NFraw_ze7oX06p2d5oJy2_Tc9v_c9Ow.lgiiicBmfONZrVBYQshIJMN7l_nWsGUu4vAE1VbDpaY
2235530669	10	https://00.img.avito.st/image/1/1.jRLQTrawIfvm-aP2xiiTbcHuI_tg5ynxZg.u9ZzhL1qdDqQlViTclIdfna0zzsYTOHAMPosfTdmlRI
4794740103	01	https://00.img.avito.st/image/1/1.xadq77awaU5cWOtDbNTumzFOa07aRmFE3A.zmGYoGcCaBA2XWgSmB8d4fIZw6hMQ3xUXW7IB5wd7fE
4794740103	02	https://00.img.avito.st/image/1/1.T5IFGLaw43szr2F2FylO7RS44Xu1setxsw.94ejetcBXmNt66l3XBOnRwYhMnFVdVIWSWR-6JjLU4w
4794740103	03	https://00.img.avito.st/image/1/1.bQXJdbawwez_wkPhn0h1fdjVw-x53Mnmfw.TLfozIsuBA-wh0MalhQhF1pfudHQDjLgz5JkpKqFg08
4794740103	04	https://00.img.avito.st/image/1/1.qjBofrawBtleyYTUMByiT3neBNnY1w7T3g.jPgA1mfXpdvtvxpXjkWmZqLwz03SwI0c6seUSDDBG6k
4794740103	05	https://00.img.avito.st/image/1/1.GlM-OrawtroIjTS3Bk4hbmWbtLqOk76wiA.KerXZPZYo_YwuqX8ujsRD-t3sDtuwNbcRLeuoo6m1vI
4794740103	06	https://00.img.avito.st/image/1/1.37QN2Lawc107b_FQP7PVyxx4cV29cXtXuw.trbsFGb82jxkcUQkktkGxZ0QrT2EZ-DtSo08wH1GOac
4794740103	07	https://00.img.avito.st/image/1/1.0jdXDrawft5hufzTfzHFT0aufN7np3bU4Q.cHHwJ7YVCg4yQ1u0MBl2yS8IguTT1uTvTs-appL95mg
4794740103	08	https://00.img.avito.st/image/1/1.xjscfrawatIqyejfHAGkQg3eaNKs12LYqg.Nh_8mhr8UxSXpNkERJbL2LGwCOdYv7kmxqWCKE5pt4c
2171075346	01	https://00.img.avito.st/image/1/1.KopreLawhmNdzwRuM1h99XrYhGPb0Y5p3Q.7Fl5y9UI5_zZJuzWSnIgTtQgElC0wH815pUL02cHwQA
2171075346	02	https://00.img.avito.st/image/1/1.1QU0LbaweewCmvvhEj6wfCWNe-yEhHHmgg.QLqdFBsKkcZxwlHJgtRFKHq2pcklLb02hHCaLK73aVo
2171075346	03	https://00.img.avito.st/image/1/1.Kho7f7awhvMNyAT-Y0s1YirfhPOL1o75jQ.qO_0UZ2ql5DB6H-BSrBY24FonFragIUxqcHpLg6of2E
2171075346	04	https://00.img.avito.st/image/1/1.tQb-VbawGe_I4pvimHuaeO_1G-9O_BHlSA.fp5cCmyhw9LHeWvkL7SfsZPXvE96kF2KZow_H0i4Tv0
2171075346	05	https://00.img.avito.st/image/1/1.ATC3zbawrdmBei_UuZFWT6Ztr9kHZKXTAQ.ZKQRSqLQhCi3t7aPsCkPGGIyld2ynjdpADoSoQSvDt4
2171075346	06	https://00.img.avito.st/image/1/1.kGnB0LawPID3Z76N7aKHEdBwPoBxeTSKdw.-O2UrqOEby-jO0YPvZN7x2AFU284sAzM4mn9LuPvyCQ
2171075346	07	https://00.img.avito.st/image/1/1.Z4apGLawy2-fr0li63E0-bi4yW8ZscNlHw.0oHQAu1XrozyWdJ2V3Ho3ve6d2GvsdCoQ3RMhG9dGoY
2171075346	08	https://00.img.avito.st/image/1/1.e7qDN7aw11O1gFVe-Wp5hNiW1VMznt9ZNQ.Eermukezf_IUqRUlrci7SF1_TuXjp3eeRLgExukPX94
2171075346	09	https://00.img.avito.st/image/1/1.YmB-O7awzolIjEyENh5AXCWazInOksaDyA.5H903MsGQWvqvfeLgIRjLwBGHrBrh97CYsxxQZaxQ_g
2171075346	10	https://00.img.avito.st/image/1/1.6kMuILawRqoYl8Sndh_Mf3WBRKqeiU6gmA.RKi0QWsVZT-rp4meeIHDiJ0_Spw2HJWPxA5ewTeE-no
2171524207	01	https://00.img.avito.st/image/1/1.jH7d1LawIJfrY6KayerBBMx0IpdtfSidaw.f5NfBi-pF4Iw21izqcy6cFLNwdxdJPJaDbE8RqZ35HY
2171524207	02	https://00.img.avito.st/image/1/1.njZT1rawMt9lYbDSY9TSTEJ2MN_jfzrV5Q.qZYTrh423-gZLvJ-x1wrVlqxWYo1nwL8h-o1C1jQlaQ
2171524207	03	https://00.img.avito.st/image/1/1.xKrh1LawaEPXY-pO5deh0_B0akNRfWBJVw.Q6VK8FWqgPnKJKayLDFVcsks-apGXe_2sasWMBcKovk
2171524207	04	https://00.img.avito.st/image/1/1.d1DNYraw27n71Vm0rzd_L9zC2bl9y9Ozew.ycf4tkXvLLB39BgU_Iv3mEXiBqjdNZxuhJJrEf6ZwOY
