7450262731	08	https://00.img.avito.st/image/1/1.BjZ5kLawqt9PJyjSeYgYTmgwqN_JOaLVzw.jVPpuoKZXkny2DLsKIwG1TnhRHpNKxYFIf2M7hwWjLI
7450262731	09	https://00.img.avito.st/image/1/1.ozAtFbawD9kboo3UZzPyTzy1DdmdvAfTmw.IROOocwnUdsw1lKBetde7yWjyVJG4Vkz5_0Y4s7ejFQ
7450262731	10	https://00.img.avito.st/image/1/1.-OFBzLawVAh3e9YFPbf-nlBsVgjxZVwC9w.FALltn1DVinPtQWYYqIXUmngelcC6QxR-mFoT0PLIqk
7962536608	01	https://00.img.avito.st/image/1/1.LEwB1bawgKU3YgKoVbUEMhB1gqWxfIivtw.s-pbZWuY9wWai3l0YfyD6g0sY_SIkh8hbC4RTCpZzpc
7962536608	02	https://00.img.avito.st/image/1/1.a1JI-Lawx7t-T0W2EuVzKllYxbv4Uc-x_g.Q7YnGvCSMZ8-HrIznk5CtK85HvNSnfbP2X3p95FxWXg
7962536608	03	https://00.img.avito.st/image/1/1.IQVovLawjexeCw_hJpQnenkcj-zYFYXm3g.FI-dwZTthW1mSqXvG4GpVG8sAN614GcF92uqwaxRPPM
7962536608	04	https://00.img.avito.st/image/1/1.N7mHGLawm1Cxrxld5SwYx5a4mVA3sZNaMQ.qA1QWM4JoY4Nz2t29A9IMI3Sx_T5fTwQiQKfJtyVtf0
7962536608	05	https://00.img.avito.st/image/1/1.-WhYRLawVYFu89eMJg_mEEnkV4Ho7V2L7g.GviUKSbFc02BwICF70klDi-5TzH7FC_5i-9xElzGdgk
7962536608	06	https://00.img.avito.st/image/1/1.h3wNPbawK5U7iqmYD0eaBBydKZW9lCOfuw.Dy0pRpcIhKSO8oVjo2s8AUf69DfQTjTgOIcPefKS4yw
7962536608	07	https://00.img.avito.st/image/1/1.0QytTbawfeWb-v_og0bHdLztf-Ud5HXvGw.bUQja06YyM-heF-rr0BljeabcIc3bIrrJonq73HBGTQ
7962536608	08	https://00.img.avito.st/image/1/1.qjB0vrawBtlCCYTULOysT2UeBNnEFw7Twg.VBckhFsHvjBhOCcMAdA4DvG6Yl3GUDIC-DAo-oF5KmI
7962536608	09	https://00.img.avito.st/image/1/1.QYVH8raw7WxxRW9hSa8z_1ZS72z3W-Vm8Q.RL-heSnNIiXmqyVcigC5iri3EV5jtu7HYhJsTYMD8h0
2971324590	01	https://00.img.avito.st/image/1/1.r1DOrrawA7n4GYG0nOCoL98OAbl-BwuzeA.lmbi2NcsIksZ4kT4UfTFps2P3j8rTC7zM4BeFSOqv7Q
2971324590	02	https://00.img.avito.st/image/1/1.c1Gk2Law37iSb121zsEQKLV43bgUcdeyEg.ITkx0QlbKkL66Qd6hDNcNEYqpPGuxRZhcCgVlNBRf_Q
2971324590	03	https://00.img.avito.st/image/1/1.YenYfbawzQDuyk8NljhmlsndzwBo1MUKbg.NDBfgCRLu8j1yNUrHJOLANmrTxr0WnqW3fi2ibTTOVw
2971324590	04	https://00.img.avito.st/image/1/1.r1B99LawA7lLQ4G0L47lKmxUAbnNXQuzyw.sCa3eFDwvhn8gNzuQuyQo9kIHgVXYE5cbXLtIJ_lov8
2971324590	05	https://00.img.avito.st/image/1/1.ajdB7rawxt53WUTTGet2T1BOxN7xR87U9w.mOJ6k48yoigDRTWQKWOhFaLlHGtSebAC3-1JzzBQgqI
2971324590	06	https://00.img.avito.st/image/1/1.G9ptFrawtzNboTU-V3owpHy2tTPdv7852w.jPqJM6SGZqVeytcRxJvgFuxPVigkdd7b4A3n53Zvzq8
2971324590	07	https://00.img.avito.st/image/1/1.ZKah1LawyE-XY0pC5ZUZ37B0yk8RfcBFFw.lnTXN0lW7Dtmx9RYKKI98Y9l71ldvRAD9rGAxAGTMgw
2971324590	08	https://00.img.avito.st/image/1/1.p3bFGLawC5_zr4mShyq1DtS4CZ91sQOVcw.JewEaliGC28CZ35FwZGnW8DbVDIvexYD2i723ZbS-k8
2971324590	09	https://00.img.avito.st/image/1/1.4RlbTbawTfBt-s_9FXaoY0rtT_Dr5EX67Q.8vSGLyUHIcdGSXi_Us-awv-X40vkUOQH-QH8e05h1Bc
2971324590	10	https://00.img.avito.st/image/1/1.HRAATrawsfk2-TP0NkIBbxHus_mw57nztg.fFqUnGXcdtSVsI0xnTaij1bwW0Gaj0Op6JcBYDs8i00
7994734137	01	https://00.img.avito.st/image/1/1.zJyJ0LawYHW_Z-J4nffV5JhwYnU5eWh_Pw.GydYN6huOfQp9dzOaRy6AA9-TBNvoKe6xtoW3WHh9VU
7994734137	02	https://00.img.avito.st/image/1/1.AJh_VLawrHFJ4y58cxwe4G70rnHP_aR7yQ.PikIXH5W-rcGwI6ysL4SAW0rIpW8uxJumn1tqgun8E0
7994734137	03	https://00.img.avito.st/image/1/1.2QViLLawdexUm_fhXAf2e3OMd-zShX3m1A.N_uzYnc1C4J2Ir3VkvXWJBoKyO8T4Nhxb1XpxT0Hofw
7994734137	04	https://00.img.avito.st/image/1/1.-KPBybawVEr3ftZHvZrW3dBpVkpxYFxAdw.Pm0sYYaJXhxdafAQKooSSbovAFD3Nn2eewPaSypMe84
7994734137	05	https://00.img.avito.st/image/1/1.9vRrRrawWh1d8dgQC225jnrmWB3b71IX3Q.mLEvMyZrUaWmPmrS3B9ZMtmMHUs3xFhlQ-a0Z_b-cZA
7994734137	06	https://00.img.avito.st/image/1/1.QJzP-baw7HX5Tm54w4gM5t5Z7nV_UOR_eQ.9qGnZTuTe66X21ecOZqzQ3wfTha8kM_TS3ZotTRn6-g
7994734137	07	https://00.img.avito.st/image/1/1.nQXO_bawMez4SrPh-IeCfd9dM-x-VDnmeA.Zq5Ksw9ztKshYv5rAyf4iNuPI2NEMRfNPi12E1lreQQ
7994734137	08	https://00.img.avito.st/image/1/1.ZQmgTrawyeCW-Uvt5hNgdrHuy-AQ58HqFg.lYto-sntTCjIXzgeGiME2RgJk06-_cS_-U0Ks0IOeB8
7994734137	09	https://00.img.avito.st/image/1/1.QvZo8Law7h9eR2wSYOEMjHlQ7B_YWeYV3g.CiDmXbtU37Vi6zF9uI2Ys9VE6WM0ccu_idojlAL9Zec
7386186381	01	https://00.img.avito.st/image/1/1.9BjAULawWPH259r8pHf0Z9HwWvFw-VD7dg.Ds_25GTBhZu8nSr3rlJ9TBvo-0QYy3TcJEK31bFE4N4
7386186381	02	https://00.img.avito.st/image/1/1.HGJN1LawsIt7YzKGefhoGFx0sov9fbiB-w.WiGqMkgZJk1rsZr3_DzuKwIfV4eQ-oJBVPbHATpUKPE
7386186381	03	https://00.img.avito.st/image/1/1.F0wNZrawu6U70TmoL35mNhzGuaW9z7Ovuw.Z_2kUarff1tnKThqH9ZfvyS_wmCXGYfZqaq_DdwdQd4
7386186381	04	https://00.img.avito.st/image/1/1.1J1F_LaweHRzS_p5YffV4lRcenT1VXB-8w._XksKGPnx926cP3f0nd6pnSu-mH1C58EKI0EbmGVLrw
7386186381	05	https://00.img.avito.st/image/1/1.kW3yvLawPYTEC7-J3NqOSqkdP4RCFTWORA.24ghOTf4N9aEtGNQCrq25jmZP08vLtLW_ZBW8MTXIzo
7386186381	06	https://00.img.avito.st/image/1/1.SsKrfbaw5iudymQms2w5uLrd5Csb1O4hHQ.9kDlRsy4cjhwN8hb-Y571uJ2aoR5bLc4P0V-sYUUGko
7386186381	07	https://00.img.avito.st/image/1/1.EYVH2LawvWxxbz9hadRh_1Z4v2z3cbVm8Q.-N57P7v-0sgSofoiiiuhJxDAbFXIPLPLAbtbyxhEz00
7386186381	08	https://00.img.avito.st/image/1/1.PQZTfbawke9lyhPiJUU_eULdk-_j1Jnl5Q.G2oFLziTR4kRcCNtyZEbNpw-X-UcqZZSFd-nUDm-7FA
7386186381	09	https://00.img.avito.st/image/1/1.bJw9YLawwHUL10J4aXUc5izAwnWNych_iw.PAZ9sfvTdueMsZegkqmbKjGTEOfNKFyY5X67muylrDk
7386186381	10	https://00.img.avito.st/image/1/1.-iYreLawVs8dz9TCU0v7WTrYVM-b0V7FnQ.3617mzHPL42UKVJM_dHq8k3yrveZZJRns1AwJIIwOMM
7674813560	01	https://00.img.avito.st/image/1/1.wFJB27awbLt3bO62TZCwKFB7brvxcmSx9w.znRx6ozkb5wSIFJbI6ELz5PFqUnTzTj8DWfPYrW6Tao
7674813560	02	https://00.img.avito.st/image/1/1.9olrHLawWmBdq9htC0Pq9nq8WGDbtVJq3Q._o3qH_RF0GhEzUfenZ0rqtKZTWFi1aDuS9mECZai6OA
7674813560	03	https://00.img.avito.st/image/1/1.T5PxGLaw43rHr2F340FJ7OC44XpBsetwRw.BVCePrGcF-lNW4aMUk3gYhjlhl_AhhQUg-G5T9tZT7w
7674813560	04	https://00.img.avito.st/image/1/1.3DTBnbawcN33KvLQ9ZbGTNA9ct1xNHjXdw.QapyHLIHZoSP5saWON5SrV0Sx52uRwF0WUAc2xUOvn0
7674813560	05	https://00.img.avito.st/image/1/1.NXMITbawmZo--huXbkVKChntm5q45JGQvg.VT4g-2BBlWtK9beOYFdar4STNUOPR7AF7TuFyYRlM_s
7674813560	06	https://00.img.avito.st/image/1/1.og57f7awDudNyIzqM1m3dmrfDOfL1gbtzQ.AJy1UzNcHl3C_WlXOC4A5qRa3Ixuv_qWRt92hm2UPHA
7674813560	07	https://00.img.avito.st/image/1/1.sJghlLawHHEXI558TbKl4DA0HnGRPRR7lw.7gZ6LOQ77x0dIec4CHbirWfCFu1Aat1gmfq_Ysf_CTY
7962180600	01	https://00.img.avito.st/image/1/1.lyAJGLawO8k_r7nEKzLeWhi4Ocm5sTPDvw.02k6L3Mkw07Iy66zrRKo152UM4jaCIeKeTZALhS4M2c
7962180600	02	https://00.img.avito.st/image/1/1.OT84zbawldYOehfbRukWQSltl9aIZJ3cjg.CbWe6vDyY_vscdlZPplctzf5SvUhW1MoI0os-1DatqA
7962180600	03	https://00.img.avito.st/image/1/1.FxQNzrawu_07eTnwL-ZHaxxuuf29Z7P3uw.XJYFvGAGOtve5krM1K8C_lrHqZvqRupgc2DbtldYv7o
7962180600	04	https://00.img.avito.st/image/1/1.oLkBybawDFA3fo5dTbeNxxBpDlCxYARatw.dl6r1JMrfV1fsH8tZZ5hf1bbIq4sYp0MrHgpDpG_5u8
7962180600	05	https://00.img.avito.st/image/1/1.tJ1KaLawGHR835p5Lnaq4lvIGnT6wRB-_A.ftTs-EbkqHwST355CWeswQ0KwQWiLL36U-rTl9ecO8s
7962180600	06	https://00.img.avito.st/image/1/1.EmZtZ7awvo9b0DyCRRMXGXzHvI_dzraF2w.UU3TNP1_dto7VWw_FNnu0YHHWkMbFJuDlJZhKnKkSvU
3003309718	01	https://00.img.avito.st/image/1/1.AQJjzbawretVei_mbbF7e3Jtr-vTZKXh1Q.fkg7hPnIjP_cyxPogFH1WybxscKl9utlmefQC_bLjm4
3003309718	02	https://00.img.avito.st/image/1/1.-ZvYS7awVXLu_Nd_phyZ4snrV3Jo4l14bg.DX2_kXufRwp5o1eTdLG_8kDWSsXO2PBaXtOoY8PLNqk
3003309718	03	https://00.img.avito.st/image/1/1.ZjjSfrawytHkyUjckjsaQcPeyNFi18LbZA.ievWDT6LRIeLqtXTQiksvXCR3L9RlrsPL3bAzWQV9mo
3003309718	04	https://00.img.avito.st/image/1/1.0IYr1LawfG8dY_5iB9eE-Tp0fm-bfXRlnQ.PFLGsMEtSvCZnyStZkmPKVc-IYcH9ekpzAvRQoS-xFs
3003309718	05	https://00.img.avito.st/image/1/1.ExADhLawv_k1Mz30Kaw9bhIkvfmzLbfztQ.iinpAjz0cqK_YADLkhGqYTP-JkUuwaZXe-NWjrEREbA
3003309718	06	https://00.img.avito.st/image/1/1.PjZlrrawkt9TGRDSFc5BT3QOkN_VB5rV0w.9z7GCKuXk4FY9jxPxDzu6EWGKWnEdh86Q9iL4z2gua8
3003309718	07	https://00.img.avito.st/image/1/1.euZrrLaw1g9dG1QCE7kan3oM1A_bBd4F3Q.bgFEoSTEU8M7wRIjyzkmDlfzCdk18E-9RuR4_Cgzses
3003309718	08	https://00.img.avito.st/image/1/1.1jZT37awet9laPjSc_iaTEJ_eN_jdnLV5Q.9rMXfK-Zl47ILpbLm1x4u-MQv_YsSp7KcnAIW2PyJBQ
3003309718	09	https://00.img.avito.st/image/1/1.OjaGfrawlt-wyRTS_h5FT5felN82157VMA.XlCty5sGoeScp3gpPNYC-1wy4du1NB_sIEBaBcLPUQY
3003309718	10	https://00.img.avito.st/image/1/1.otI7frawDjsNyYw2c0jZqyreDDuL1wYxjQ.mNkCiCQQD0iQS0nRwRwLO1_LOZwoQMvoV_Qh774Gj_U
8058084498	01	https://00.img.avito.st/image/1/1.x5K5GLawa3uPr-l2u1PE7ai4aXsJsWNxDw.dj9giOSsb0jjidagdb8DHJxKY2idAF9gHxAC9VoOQSM
8058084498	02	https://00.img.avito.st/image/1/1.qRknTbawBfAR-of9eRfnYzbtB_CX5A36kQ.fkxaOHvmViivWHJX30d-EUyBj6IMbBGa_jtMyvcputE
8058084498	03	https://00.img.avito.st/image/1/1.gNzCR7awLDX08K44zlH7pdPnLjVy7iQ_dA.h4EPk2xpanu6l8Kmj67nHY5W1V03qbQcPGlxtA8L4ac
8058084498	04	https://00.img.avito.st/image/1/1.KCWBzLawhMy3ewbB3fg2WpBshswxZYzGNw.9GKgPxlgXjcpGywablS7cFilAbCNO0Rh8_FxEAmk5_c
8058084498	05	https://00.img.avito.st/image/1/1.r1AqDrawA7kcuYG0eAC6KDuuAbmapwuznA.3UfsWN7WnXJ-XYWGapGPj2kv3wpiN7SvMyjGcgxQSY4
8058084498	06	https://00.img.avito.st/image/1/1.8FzCZrawXLX00d64rmmPJdPGXrVyz1S_dA.Zs7kMabPUrru0DJUpldAhI6gB6fKa0sRZgu4M0NLBX4
8058084498	07	https://00.img.avito.st/image/1/1.WISalLaw9G2sI3ZgpoFa-4s09m0qPfxnLA.EzgU7b-6N-MUrJ_SWnR1n3GD3GHMv0QJi-Inz4hj6X8
8058084498	08	https://00.img.avito.st/image/1/1.kc3YRLawPSTu878p9iKEtcnkPyRo7TUubg.0UaeIRBY4wgM7sar-3CAy70omLmvL_lY36ibvSpbC7g
8058084498	09	https://00.img.avito.st/image/1/1.s1w8WLawH7UK7524VlK2Iy34HbWM8Re_ig.yURSxoNqPtP73coDwS1KnwHQliWkR85a36YWpTvqdKg
8058084498	10	https://00.img.avito.st/image/1/1.jBe51bawIP6PYqLzrY-TaKh1Iv4JfCj0Dw.cT6Lw0VMiuh_JNip0LeABX4B7zp1dXYfwYis94_BDUg
2234993076	01	https://00.img.avito.st/image/1/1.DITAXrawoG326SJg1GYR-9H-om1w96hndg.aS_uAjae5Z2qWOljTFfs3AiRgZsU9Xi-_if3ObpvxBI
2234993076	02	https://00.img.avito.st/image/1/1._lSefrawUr2oydCw7gngK4_eUL0u11q3KA.yftNr5ZPc27kQdbCocKt8atQQhMQJe_sTzxiB1afBFQ
2234993076	03	https://00.img.avito.st/image/1/1.7DzBmbawQNX3LsLYlZr-RNA5QtVxMEjfdw.QXGKnVersdc41uZZaplk_cgH-XgEkrfTw4oxfG_g0Ss
2234993076	04	https://00.img.avito.st/image/1/1.CQVEHbawpexyqifhWj1Ff1W9p-z0tK3m8g.CjSuzpw1y-s_dffczAph-k9wSRp4WOuEkan66E0vlnQ
2234993076	05	https://00.img.avito.st/image/1/1.aTD1TbawxdnD-kfUqwQ6T-Ttx9lF5M3TQw.Fo_rukm8OdTWp33c4lq0yX4lpHa8N6q_NRGJQGXBDiA
2234993076	06	https://00.img.avito.st/image/1/1.SL-Bybaw5Fa3fmZbndxlwZBp5lYxYOxcNw.RTFuFa2WZNY3GFzWaWGZOe1mf3EHWArHk3_f6eAYDFU
2234993076	07	https://00.img.avito.st/image/1/1.njZmm7awMt9QLLDSVq34T3c7MN_WMjrV0A.iwHXffR3zBCEtSkrfl9n3n6oxVBEOK0EXRTCTbuskn0
2234993076	08	https://00.img.avito.st/image/1/1.RjprbLaw6tNd22jea31fQnrM6NPbxeLZ3Q.mF-kpFEug-8ZS3n-T1cvoZlOk9trXs-bpPI0Y7z6Zdg
2234993076	09	https://00.img.avito.st/image/1/1.r1AXDLawA7khu4G0RQbOKQasAbmnpQuzoQ.1PFyXxZm7Ru7cXLmwo3BzvVclzKEetpM8-67lLO_OK0
2234993076	10	https://00.img.avito.st/image/1/1.qja5rrawBt-PGYTS4bjKT6gOBN8JBw7VDw.naVzE0_A_nMte6AbqlfixJHF0mVImfq5qBm_6SaY4_g
2267405300	01	https://00.img.avito.st/image/1/1.11DkWrawe7nS7fm0xn37LvX6eblU83OzUg.aVGco2Tb_hb0taMsT-PX13TO_DmiDrxdVt_Ta_pCLQ0
2267405300	02	https://00.img.avito.st/image/1/1.QzAMrLaw79k6G23UBoEnSR0M7dm8BefTug.LX_r5l6YcmApoWBMBsthYCMqXpNfXi191vaFZjzgadE
2267405300	03	https://00.img.avito.st/image/1/1.VdWS4Law-TykV3sxtKUM98lB-zwiSfE2JA.UfJzpAlxprYpXPJGL4_3uzo5Fx42TjY6YQ_DJB5DzdM
2267405300	04	https://00.img.avito.st/image/1/1.nJ0TPLawMHQli7J5J3aw4wKcMnSjlTh-pQ.rMeyDZaXEpCy1fPK_POMe1XnPdF2c8vUIW6koDOWzBo
2267405300	05	https://00.img.avito.st/image/1/1.MbXYS7awnVzu_B9Rtm9TzMnrn1xo4pVWbg.TqnLpp7sMho4kz-5Jysa4epSlYLGekeh2D5z9PnY0b0
2267405300	06	https://00.img.avito.st/image/1/1.OIS6VLawlG2M4xZgxkw--6v0lm0K_ZxnDA.DG68dhzNRTfhwJfNsIaDmt_wI6fFipzjhFLQZ5lTPc0
2267405300	07	https://00.img.avito.st/image/1/1.ML2BybawnFS3fh5Z7f0dw5BpnlQxYJReNw.ePO_Jw9-B9GixLs3stH4UXfveR5bKc6KTw0QQrcJEck
2267405300	08	https://00.img.avito.st/image/1/1.gsZsO7awLi9ajKwiZGWpuH2bLC_ckiYl2g.SOkspHp-JNyH1XefwwCIpF2flFLXPG3cNUkJ3y6mG8M
2267405300	09	https://00.img.avito.st/image/1/1.3f_7xbawcRbNcvMbzZrcwaBkcxZLbHkcTQ.6EMAjxA01xiSwGGQX8Ue1MTC7AEG4_fR8CoZuKTMOO0
2267405300	10	https://00.img.avito.st/image/1/1.011uOLawf7RYj_25RH-CIn-YfbTekXe-2A.sAbRCNJBTK95rFLgu9ApDDJ97SIOIqY7ijQzplbiXCA
4123349675	01	https://00.img.avito.st/image/1/1.dQb65baw2e_MUlvinJBeeOtF2-9KTNHlTA.JtHzd4c8VUQZRWCUbjVjlNo5X7OuXjv36J7r05mRO94
4123349675	02	https://00.img.avito.st/image/1/1.wOYB2rawbA83be4CDdWGnBB6bg-xc2QFtw.ulWVDl2pDYVe9hV_qBPho_l_2tck4XwA9vyOLO6eRbA
4123349675	03	https://00.img.avito.st/image/1/1.PjYKjLawkt88OxDSeuQ4SRsskN-6JZrVvA.tdK7vqI0H-h3k8g7Iqdmjc5lCU280TfZ6VN2Nozqe8A
4123349675	04	https://00.img.avito.st/image/1/1.oUxYRLawDaVu84-oFi68NEnkD6Xo7QWv7g.8zpPVwzTj_pwZ8VA6btk6fpjynuVJOxA5C8497ZR19s
4123349675	05	https://00.img.avito.st/image/1/1.Jn9rCrawipZdvQibKw4NAXqqiJbbo4Kc3Q.uf-nFFZmmt__lFKgtdY9mEn8mC9ifIg4zbvsnJh-9yM
4123349675	06	https://00.img.avito.st/image/1/1.c1ft-Law377bT12zh8UCLfxY3b5dUde0Ww.8pb50KSglCZvMjQbZNr7-jscNxv8Vr0xrC_6ji07qAo