4314737033	02	https://00.img.avito.st/image/1/1.gYViYrawLWxU1a9hbDyq-3PCL2zSyyVm1A.A44dPLfqg_f3k-wn6ZgxrCKVhU29hUDywPduTUKXtZ8
4314737033	03	https://00.img.avito.st/image/1/1.TB3V1baw4PTjYmL5weBHYsR14vRlfOj-Yw.2zfT8LcJDP0dOJCveyEK9dqQ-oY1_QLj2iptj88IbFw
4314737033	04	https://00.img.avito.st/image/1/1.2QVe37awdexoaPfhYOy5fE9_d-zudn3m6A.JJNRxGPD9T91Wexbb12HRTG5ZV73NLeMLyoggQTtemg
4314737033	05	https://00.img.avito.st/image/1/1.oKiB2rawDEG3bY5Mzbzv0pB6DkExcwRLNw.vyn9D4e4as-qF8_z8LJCGulWIVQhVfX--QHVc4kEqY0
4314737033	06	https://00.img.avito.st/image/1/1.C1ADnrawp7k1KSW0Gf4jLhI-pbmzN6-ztQ.6Dv5iibxKfuiRXML8iNReQkdkrLlUwCV5vFI_0hXuX0
4314737033	07	https://00.img.avito.st/image/1/1.0jX1jrawftzDOfzR3ZGUT-QufNxFJ3bWQw.mhHiT2Z51Wbfx1aEcadzqulUfFv2ZOY-fgB2qKSrFls
4314737033	08	https://00.img.avito.st/image/1/1.6iZtbbawRs9b2sTCNQrqWXzNRM_dxE7F2w.UPqSVIU47-pRru6kjfcGHStTFprWxIZkRXYGO_wlbSg
4314737033	09	https://00.img.avito.st/image/1/1.F0QN3bawu607ajmgL9UKOxx9ua29dLOnuw.d3gfSXVjdzLP7z37F08q0GjDNv7ttQ1KJ7bQh2kU81k
7226773712	01	https://00.img.avito.st/image/1/1.ezADibaw19k1PlXUeYRWThIp1dmzIN_TtQ.1SqWSvMKTwXgRtCLQexWjZWaUFxi2gVdFhWEzvDBe3M
7226773712	02	https://00.img.avito.st/image/1/1.mQwfTbawNeUp-rfoIVeEdA7tN-Wv5D3vqQ.mIdR1B2JlwhAIQsKN07ml0D4CI0_GtEuXdr3rvBq8ag
7226773712	03	https://00.img.avito.st/image/1/1.4jWevrawTtyoCczR1u2RT48eTNwuF0bWKA.UR2cr1bE2WU0gMKQjCS6CrAyXltptSCI8au1LtGgHNg
7226773712	04	https://00.img.avito.st/image/1/1.5JyJtLawSHW_A8p4zff95JgUSnU5HUB_Pw.GJ9zESPDNYTLaH7QTJTdG8JUbRPIIDVzaprpnM3iO0A
7226773712	05	https://00.img.avito.st/image/1/1.K1TNH7awh737qAWwlydjLty_hb19to-3ew.aHnXZXVBzO1mflqv6ZB6o8iE2I53LdcDGd1ApEGvWl0
7226773712	06	https://00.img.avito.st/image/1/1.KRdYUbawhf5u5gfzBmFhbUnxh_7o-I307g.Le9eAaOfS7lqO6LHsd1xuI_2e6BnVz9BsRMAxUJEJVg
7226773712	07	https://00.img.avito.st/image/1/1.pY2wTbawCWSG-otp9huk9aHtC2QA5AFuBg.l-Do3-3yLD4BHeRs7I_Rw1YFJUjBBfV38iLVrovbYfw
7226773712	08	https://00.img.avito.st/image/1/1.Fo5rbLawumdd2zhqSywK9nrMuGfbxbJt3Q.UEhafbrkrJGbPWoGGuWYhxhaEHAqXnnGP5PJESo2Ghg
7226773712	09	https://00.img.avito.st/image/1/1.nQSkrbawMe2SGrPgkv_ofrUNM-0UBDnnEg.WzzJGnMOaAx9aivtsfpJrHsGR6DdH91TzVi6GyZLsZE
7226773712	10	https://00.img.avito.st/image/1/1.bJ0Q6LawwHQmX0J5RPVH4wFIwnSgQch-pg.Vy5EuEk5P7KEvhWONYaerGf6wtGGy2j3-1S496yALEE
2427592299	01	https://00.img.avito.st/image/1/1.-t1rfrawVjRdydQ5Ex2GpHreVDTb114-3Q.RXpMWkzzorz7BHVy0KedyfotYW2TM6q-covXbgVXRMU
2427592299	02	https://00.img.avito.st/image/1/1.21ABRLawd7k38_W0O2fFLxDkdbmx7X-ztw.gbvlSA10htKAO-WZ053eRvcaUaXubGzWrTgxTJ80srA
2427592299	03	https://00.img.avito.st/image/1/1.E7AMorawv1k6FT1UJt50yR0CvVm8C7dTug.yQcQRLAP1weYgbZVQQE2v3wgR2RCud7Y4N0DJo2wgV0
2427592299	04	https://00.img.avito.st/image/1/1.2Bzc5bawdPXqUvb44N73Ys1FdvVsTHz_ag.Qr9-_SPEI6aXgGSO01QV4x7IT_N1e6RDxSDU2R00Ofg
2427592299	05	https://00.img.avito.st/image/1/1.5Jz6XLawSHXM68p4vnea5ev8SnVK9UB_TA.aF0CKrXWF0KlXz97t8s1Lh3B2zvU9-3S7v2yDwP5nag
2427592299	06	https://00.img.avito.st/image/1/1.tQYDPbawGe81ipviZSfneRKdG--zlBHltQ.ab_PZw8GGnrnEfs02grdeIm8I852VM3E9K-zlYf0dbQ
2427592299	07	https://00.img.avito.st/image/1/1.VlSzfraw-r2FyXiwkz9JK6Le-L0D1_K3BQ.HFOJp_dwe1n568jQq-LvKK74zniUlYmCe1LDunyh7EI
2427592299	08	https://00.img.avito.st/image/1/1.tjYJ4LawGt8_V5jSabqrSRhAGN-5SRLVvw.lbB6RfRZZYDiYdtl53AGM8hk7hEzaRDoCR5EUxQEVNo
2427592299	09	https://00.img.avito.st/image/1/1.0jDQfrawftnmyfzU-B2GT8HefNlg13bTZg.q0KGw5yT6S7oVHaGG9bcGf9sVmGrKDxZOveI61iYf1s
2427592299	10	https://00.img.avito.st/image/1/1.YCAB17awzMk3YE7ETboeWRB3zsmxfsTDtw.PT8M2gkfCLIm8ZraBxbOR0S_2ScUvZmnq2Pfv53iH9M
4154865732	01	https://00.img.avito.st/image/1/1.mT8HTbawNdYx-rfbORe1QRbtN9a35D3csQ.uA7tMOr6hpMmFqBjVcC1ajLIlGujya93DwRNFp8mvyQ
4154865732	02	https://00.img.avito.st/image/1/1.yjBDbrawZtl12eTUW0nXT1LOZNnzx27T9Q.pMrMbUPRvj8aQtQm6yZd-y_KOX2rkiANOOzIuC-kVCQ
4154865732	03	https://00.img.avito.st/image/1/1.Lf-YTLawgRau-wMbzgxehYnsgxYo5YkcLg.DDGpY44_FlGTSOVusn7Wjde_m5Aoqzs1-N_5A8RDP30
4154865732	04	https://00.img.avito.st/image/1/1.enZrr7aw1p9dGFSSE94bD3oP1J_bBt6V3Q.JMx-uvICa7FGKm7kM2sYNLrUWMt9hzvcL-sMvKG9noM
4154865732	05	https://00.img.avito.st/image/1/1.MJ_UyLawnHbifx57uNg5oY9pnnZkYZR8Yg.41CQql3wmdPIxPe7cNXMxCrKcwWgVaO4gt_n1TYVPtY
4154865732	06	https://00.img.avito.st/image/1/1.7e_6e7awQQbMzMMLrCzS0qHaQwZK0kkMTA.b8qVo5O31yki6QluRXXcmr-l-3r5TodMrFb6CQ4-VM0
4154865732	07	https://00.img.avito.st/image/1/1.UyuNGraw_8K7rX3Pp0tEU5y6_cI9s_fIOw.fSBkYvR5cpVeNiwSGFIETzI16HClhqMgAIec14dAQAQ
4154865732	08	https://00.img.avito.st/image/1/1.nmItOrawMosbjbCGHQilX3abMIudkzqBmw.xfyrwz5Qt8r-at5P9L1TzgcX2PwgU62W5o8pmGV3mq0
4154865732	09	https://00.img.avito.st/image/1/1.Yhy7eLawzvWNz0z4821-Y6rYzPUL0cb_DQ.EMkcRCm_LySRP0yhf-gfZ4EAQgH6yLbEk4Z2YTKcxis
4154865732	10	https://00.img.avito.st/image/1/1.-J5B2rawVHd3bdZ6PdGx5FB6Vnfxc1x99w.9FdBaPF1VZOBO938dvSpM4ynxmRKd7CZfb60IlnFdQo
2619125459	01	https://00.img.avito.st/image/1/1.PQXM5bawkez6UhPhupEgfd1Fk-x8TJnmeg.bylY35O9-26H3gP4MA_cWoiTGzuw1XCutqsCnTte5MM
2619125459	02	https://00.img.avito.st/image/1/1.oORBzLawDA13e44ADeamm1BsDg3xZQQH9w.Zctvia8JUzNapC83ILr1oLYNABS2BLoNSILvfAGOoqo
2619125459	03	https://00.img.avito.st/image/1/1.xDOp1bawaNqfYurXrZ6TTLh1atoZfGDQHw.nibatga2_IDeeFfYiRAA7pgCBQZbcDigglYG6X9Idf4
2619125459	04	https://00.img.avito.st/image/1/1.2BzCsLawdPX0B_b4_tu9ZdMQdvVyGXz_dA.8leC7L17ZWsBgR9yjEA1YHG1JWtKri4XG1dpmPdqMAg
2619125459	05	https://00.img.avito.st/image/1/1.oc7YfbawDSfuyo8qlgOkscndDydo1AUtbg.DHNVPqJMYO7OLDgKLM3s6t-vOGsfvCcqs3YkKP-Fw_o
2619125459	06	https://00.img.avito.st/image/1/1.bQZR7bawwe9nWkPiB5xteUBNw-_hRMnl5w.xSxn7kY-PErOkhLOeI1hGiWnWlIFOxeeN_BsLkaCwro
2619125459	07	https://00.img.avito.st/image/1/1.vJzAULawEHX255J4tHK949HwEnVw-Rh_dg.a338Ji6VA2WyQjKd73VjZuotVbCuRY_wnuo528tqWZ4
2619125459	08	https://00.img.avito.st/image/1/1.CxABG7awp_k3rCX0G1MCbxC7pfmxsq_ztw.erFsS7uYO_dKGe9JBcCuXBsIgW1S1QRcsmAHQLHc-ZQ
2619125459	09	https://00.img.avito.st/image/1/1.HY3ATbawsWT2-jNp9iEc9dHts2Rw5Lludg.oThuVOT_rA-jbNyhtyx9Dz8aQaAuUEA8-yoCAsOt998
2619125459	10	https://00.img.avito.st/image/1/1.LlZ1frawgr9DyQCyJSYnKWTegL_F14q1ww.yuyIfJqbnHc6rjVvLFov5oPvKQNf3a-gKaI1Qx1aGJI
3771174067	01	https://00.img.avito.st/image/1/1.SJiBzLaw5HG3e2Z8nalB55Bs5nExZex7Nw.KEZTx7AdOSP-PIT6O-_9glKVxrsUTITe74LWeZ21lqM
3771174067	02	https://00.img.avito.st/image/1/1.z_jugrawYxHYNeEc_JXIxrUjYRFeK2sbWA.nUcQEgONvDv0YZO7H-fOP3pvBCQ3sQlajQoqSEgtDUU
3771174067	03	https://00.img.avito.st/image/1/1.4jEkfrawTtgSyczVbB3MTzXeTNiU10bSkg.ZFGX_Z0NXoezRwt0d93QFGJPiWY-4Bc38sTwPUK1YI0
3771174067	04	https://00.img.avito.st/image/1/1.LkKqfrawgqucyQCm-loBPLvegKsa14qhHA.1p6jDtccMRo3Rg4xEuTvJHkre4lzpYotRxN1fwnluIs
3771174067	05	https://00.img.avito.st/image/1/1.T5MzGLaw43oFr2F3IUVK7CK44XqDsetwhQ.p4UAI8lOoai682eRYw-iW0SZNiaaX0vPyZPjVyHHO7Y
3771174067	06	https://00.img.avito.st/image/1/1.dJ1K_Law2HR8S1p5LvVr4ltc2nT6VdB-_A.7gKS2Hc6-5z-fdXxQ4UQycaCRq5WcWqrYpooPtr9xUQ
3771174067	07	https://00.img.avito.st/image/1/1.hKjAebawKEH2zqpMxG_X19HZKkFw0CBLdg.xTAu1pNMfl9dE7qbnGk_NdikHzowSWAkdgV09QJtUJE
1947589620	01	https://00.img.avito.st/image/1/1.EFzFQrawvLXz9T646Q4LJNTivrV167S_cw.wEk6QoRt6d5lQLyE2zAhtFjWYUVoeVnS0B4gqtv8ZuE
1947589620	02	https://00.img.avito.st/image/1/1.ifpYS7awJRNu_KceRhHvg0nrJxPo4i0Z7g.5OGa9sTxDHht3SNijH6JMihmSLrk8KUQUi17Cj52ws4
1947589620	03	https://00.img.avito.st/image/1/1.3WVYI7awcYxulPOBbjC6HEmDc4zoinmG7g.uFZGSUxrozxmsdlG5UmCSkZ9nFNhvlU93hjMsF_XRMc
1947589620	04	https://00.img.avito.st/image/1/1.lVx4TrawObVO-bu4XnzFI2nuO7XI5zG_zg.fjtPUmWMsBWa6lPTXMBxKFY0dmHS2IhgTm5gBAs_5nM
1947589620	05	https://00.img.avito.st/image/1/1.2BzCoLawdPX0F_b4_su_ZdMAdvVyCXz_dA.arsPuaCNtyzj7aUiCD0dI9oARcMy_64wJLbyIUfPaqI
3963037426	01	https://00.img.avito.st/image/1/1.98gNArawWyE7tdksbxGUsRyiWSG9q1Mruw.XXD8n62CrkD0XTDr8SP6chl3SteHLi3OYieIJsz6wzg
3963037426	02	https://00.img.avito.st/image/1/1.KXVYRLawhZxu8weRBmQ3DUnkh5zo7Y2W7g.JHGpmac_QdYCr_oK2h1ShD5MO7EL0i1R3RYdJLD_oEA
3963037426	03	https://00.img.avito.st/image/1/1.N3WHGLawm5yxrxmR5SwoDZa4mZw3sZOWMQ.FTx0CKtqmWSwVMAwPN_K-rimxkl552WWVJDZNG90U1Q
3963037426	04	https://00.img.avito.st/image/1/1.i-6NGbawJwe7rqUKl2vtl5y5JQc9sC8NOw.LCDKqY7Cnl8gsrYmc_5WWN6LRQZ8HcJIaqME6lQCosY
3963037426	05	https://00.img.avito.st/image/1/1.-1itFLawV7Gbo9W81yPwJ7y0VbEdvV-7Gw.y7m0_L0kI5tHI3L3Dfr1Zxv2Kiu9sX8795FGTVuAW2k
3963037426	06	https://00.img.avito.st/image/1/1.N3R9GLawm51LrxmQH1gvDGy4mZ3NsZOXyw.JLZPceVS9YUFpiEl4yMvGuvZth2Q183HyoR1n6cEbuc
3963037426	07	https://00.img.avito.st/image/1/1.Kr8LfbawhlY9ygRbUwVnxRrdhFa71I5cvQ.jjUjxaNlJL7JpSI3eRPjt8zcfYKomSNG7aZEgxBXDI4
3963037426	08	https://00.img.avito.st/image/1/1.oJZB2rawDH93bY5yDdDo7FB6Dn_xcwR19w.viik6bzRdd_2Y9pGCqE1AK0vLbr7DIfSlFQmoRDy4eA
3963037426	09	https://00.img.avito.st/image/1/1.SsDbfbaw5intymQkw3A4usrd5Clr1O4jbQ.BBCb8avTX8nwh4Z5bcSRRblHLDkUUo_xGPmKIRcFgq4
3643629146	01	https://00.img.avito.st/image/1/1.09jIcrawfzH-xf084n3r5ZPTfTF423c7fg.n5UUfkRRQUeMiHQDff771rHPnJpfd047kBUl96qrS0o
3643629146	02	https://00.img.avito.st/image/1/1.u3ADg7awF5k1NJWUecWUDhIjFZmzKh-TtQ.QcSEq6GZCLAd08FgcfOqbg1njNxD4N1watqP7aKZnYg
3643629146	03	https://00.img.avito.st/image/1/1.41HRWLawT7jn7821m3OdKMD4Tbhh8UeyZw.6ePOdr_NhBtgGXD_zla52DhMYRf9OudLFC3_eXakcpI
3643629146	04	https://00.img.avito.st/image/1/1.4BWaAbawTPysts7x1h7CDqGhTvwqqET2LA.QhSXXZZX-TtxG_CIjWi61jknSslfMttBCwGu-MlnpQI
3643629146	05	https://00.img.avito.st/image/1/1.r1DPzrawA7n5eYG0ncCtL95uAbl_ZwuzeQ.clGz-dG79OlbzhK2657dhpgrOdmymNxRXM9lS1Kx_FE
3643629146	06	https://00.img.avito.st/image/1/1.51DJirawS7n_Pcm0i438L9gqSbl5I0Ozfw.iqqdlHxFce-dfMvdM8PRyYXqBn7jm_-_O9nHDfgqLa4
3643629146	07	https://00.img.avito.st/image/1/1.sjB4brawHtlO2ZzUEAiyT2nOHNnIxxbTzg.4E9IcJLi0ZEOkBCRGqKB2bu85oqFJk57YFjZDuphWcs
3643629146	08	https://00.img.avito.st/image/1/1.Vl1Zfraw-rRvyXi5eRcGIkje-LTp1_K-7w.pv2YWDIGZcSCNj80tSfZEnLLyxdRgLjHduMD-BTzu4M
3643629146	09	https://00.img.avito.st/image/1/1.fllrc7aw0rBdxFC9G24cIHrT0LDb2tq63Q.5I-tBlYhZGHOo907lAmfxT_DJsbw3xtjviYess9QohU
3643629146	10	https://00.img.avito.st/image/1/1.r1DI9rawA7n-QYG0moixL9lWAbl4Xwuzfg.iAidXA3KsHw6563ZTzkTs4MDsAFWJjSufPbHtBvjoq0
2491362360	01	https://00.img.avito.st/image/1/1.t1Dk3LawG7nSa5m0hvaZLvV8GblUdROzUg.cPuqn69AHTB8w82BQPkyYfhpaI70OraIV06vMlpC6ZY
2491362360	02	https://00.img.avito.st/image/1/1.CnZqVbawpp9c4iSSciUWDnv1pJ_a_K6V3A.17P6q4-XLnfsXWl64Wky6gYd0i-3hNVMIfMJc4V5hgQ
2491362360	03	https://00.img.avito.st/image/1/1.BJ0SpLawqHQkEyp5FvQr4wMEqnSiDaB-pA.50P9yu14v-0su--tED67_y8kqOAgJ1gleP70xbw3m_Y
2491362360	04	https://00.img.avito.st/image/1/1.6JzZtLawRHXvA8Z4hZft48gURnVpHUx_bw.MFlsVyqDxm8fIMH7QzEZRRVK2ppWg1c5R3KjGTz35bk
2491362360	05	https://00.img.avito.st/image/1/1.LjsdfrawgtIryQDfTQZMQgzegNKt14rYqw.NWlwv8MTMsNw2TKTpnaIIjcBvEU8sfkovaNWz415Nl8
2491362360	06	https://00.img.avito.st/image/1/1.YHUBzrawzJw3eU6RTfM0ChBuzpyxZ8SWtw.VkEMQCc9Xdq17TeBaY29-EUuN9ak99gzL2WTF-DDcdA
2491362360	07	https://00.img.avito.st/image/1/1.5J1H3LawSHRxa8p5A_fh4lZ8SnT3dUB-8Q.2MAmx-91k4sJhABUuiQBpRlc0Uc0PNU8FvwZZCKAZww
2491362360	08	https://00.img.avito.st/image/1/1.iy5tFbawJ8dboqXKd3vdUXy1JcfdvC_N2w.Zb3tF4B1LrCcoiV0ZuwCkGyHoZ4kC4_CItewzXX_vS8
2491362360	09	https://00.img.avito.st/image/1/1.T3dnGLaw455Rr2GTdW1bD3a44Z7XseuU0Q.ZfSpEJkcJ_nWHEHT6zxEamGYTiNffjRoxW2U9P_oiZM
2491362360	10	https://00.img.avito.st/image/1/1.kuNrfrawPgpdybwHQxzxmnrePArb1zYA3Q.gy1vd-YnBiG-rbd3l4ARGwS-lI4lxNQcbMcVf2-OjaI
2011700193	01	https://00.img.avito.st/image/1/1.oMsBzLawDCI3e44vTZKjtBBsDiKxZQQotw.yHMrGPRNva4QBcslabxrhsso2sXJb68sD4ghooiMLxo
2011700193	02	https://00.img.avito.st/image/1/1.G3aNFLawt5-7ozWSt2QbCZy0tZ89vb-VOw.hAkXDYUJwxUjKZmBV-BlhOSEUu1820bALhI9xWaGnB0
2011700193	03	https://00.img.avito.st/image/1/1.Jb1b6rawiVRtXQtZHZYLw0pKi1TrQ4Fe7Q.DUZJFw-jeqioMagE4AX9-C6rUG_S9eMi5dfYblk7vto
2011700193	04	https://00.img.avito.st/image/1/1.Z00VGLawy6Qjr0mpVwkaNAS4yaSlscOuow.Sq8LnqF5ChVDF4esLGoqvxre-6UseKv-0E_xnd8hla0
2011700193	05	https://00.img.avito.st/image/1/1.kYxYS7awPWVu_L9odiHw9UnrP2Xo4jVv7g.9MdUKXiIADY62P5nqcbgbX68lSN2FFzXZk1Qdz1u6us
2011700193	06	https://00.img.avito.st/image/1/1.A1192Lawr7RLby25d-BWImx4rbTNcae-yw.oOmAzZPWmiQsdhm2DFpXQYvXUqctbvW5ocMxD3f7prs
2011700193	07	https://00.img.avito.st/image/1/1.4jaELrawTt-ymczSzFmcT5WOTN80h0bVMg.7X7VSV_h1urO3p8IOFqNuLIG0otk4MEp3_jJmPh6L3k
2011700193	08	https://00.img.avito.st/image/1/1.kbrYeLawPVPuz79e9ibDxcnYP1No0TVZbg.aiP3UGDB4nLVPP9Nv5-2FKhSNXwQ9QTjxkw7h-KIUJM
2011700193	09	https://00.img.avito.st/image/1/1.JzINzrawi9s7eQnWT6p3TRxuidu9Z4PRuw.RLbVVf7vbxikAenLiEz6ihqRFWe2G4-S-u-ZcpU_8BU
2011700193	10	https://00.img.avito.st/image/1/1.h6QNA7awK007tKlAD0nh3RyjKU29qiNHuw.uFrRyUZXh5rPm5MqyQk2DvY-MxGLxIUeAVN5UJoRxPo
2267488848	01	https://00.img.avito.st/image/1/1.ML0BybawnFQ3fh5ZbfUdwxBpnlSxYJRetw.Jtztvid4zRmBg4GIhX3mWM8PBJm7RgO5zsgx9Yx4WAA
2267488848	02	https://00.img.avito.st/image/1/1.CYVoqrawpWxeHSdhdrYO-nkKp2zYA61m3g.zfhMPLmQBdX57G_-WLckfRtJljKGlhPBivNHNRqh8i4
2267488848	03	https://00.img.avito.st/image/1/1.4jBqzrawTtlceczUIoHrT3tuTNnaZ0bT3A.hZcGJSFNfWJHZ7xYSyD5Kgz2IQfYAhrQ-vVSSql0p0M
2267488848	04	https://00.img.avito.st/image/1/1.vpVrH7awEnxdqJBxGzG66nq_EHzbthp23Q.3khKhywAvPMDZlZ0Ha7GckBaqn1pjefTwYrjMEuVj3A
2267488848	05	https://00.img.avito.st/image/1/1.mjXvfrawNtzZybTR11zRT_7eNNxf1z7WWQ.BTV3ZW8jfb66E8u7rqzwCrHulldIYfkWpVWhsxYdiYw
7994805579	01	https://00.img.avito.st/image/1/1.njZmQ7awMt9Q9LDSVhX-T3fjMN_W6jrV0A.dqu1Wj_I5R4XocVifRg2gsawQ3pxjlT5zeC59Mv4DKs
7994805579	02	https://00.img.avito.st/image/1/1.CQVRRLawpexn8yfhTywQfUDkp-zh7a3m5w.--jTg5YRxs3tHL6aTg__loaRhTEqir5khcdyxTWFJrw
7994805579	03	https://00.img.avito.st/image/1/1.Ff1bQbawuRRt9jsZfR0QgkrhuxTr6LEe7Q.khDcWFkgpSEmCdhXKWNHObCrdVaytrPmscTwkVAiO64
7994805579	04	https://00.img.avito.st/image/1/1.cja4braw3t-O2VzS0AsST6nO3N8Ix9bVDg.j4ZAh4NsDYLqyaYUYBG1xcMZIUwr_jRIr0lDCF5qqDI
7994805579	05	https://00.img.avito.st/image/1/1.E1ADhbawv7k1Mj20KYU9LhIlvbmzLLeztQ.LdypjwG9qoJ7c6wpMAy3mSv2mh64lP1815D8FvSXuAQ
7994805579	06	https://00.img.avito.st/image/1/1.TKiZ1Law4EGvY2JMja0t0Yh04kEpfehLLw.5tYoTuCves2DPRRnzXhCbw0tatECi2ZQkpvhyXQW8So
7994805579	07	https://00.img.avito.st/image/1/1.QFzZ0Law7LXvZ2641b1JI8hw7rVpeeS_bw.NItdB9aGPi-pJNt-XoJD5dUjhMgv6X63PR8v4sHqPRo
7994805579	08	https://00.img.avito.st/image/1/1.p4ZhGLawC29Xr4liI2L3-XC4CW_RsQNl1w.uO6DauL2ABeqC8iO_71Vkd8d6vJ9204kyd3fLvBM9wk
2235589686	01	https://00.img.avito.st/image/1/1.Kn7bebawhpftzgSag3UHAMrZhJdr0I6dbQ.bQOU1LMSWREw3kE-jVbyUVJK-uB5FqR5j9w5m9oWEds
2235589686	02	https://00.img.avito.st/image/1/1.n1DkHLawM7nSq7G01jayLvW8MblUtTuzUg.epl57nZNGuA-V2hgUampEhQ6Wrv9ksxl1wgsj1EkLw8
2235589686	03	https://00.img.avito.st/image/1/1.-CRB17awVM13YNbAPfyGXVB3Vs3xflzH9w.WYHXo6ydIN6rgB0iSE6cCD_U-WhiSOEPy-0EGqpOjBI
2235589686	04	https://00.img.avito.st/image/1/1.mjaDrrawNt-1GbTSu7jnT5IONN8zBz7VNQ.AB0BlVtgHjDFFWXw-OMBRx95EbThkvzlQ_iKrD4LO1k
2235589686	05	https://00.img.avito.st/image/1/1.-DKB0LawVNu3Z9bW_ZfkSpBwVtsxeVzRNw.TC6c70aQLS9p1DlJlkO0r9Jd1HOKeZ-_Edz52i0Wc4o
2235589686	06	https://00.img.avito.st/image/1/1.dJwjZLaw2HUV01p4R3U45jLE2nWTzdB_lQ.YBr4ZS8VFmlsX-325f7TtTBD33lIEtJFcHDEUARXg4w
2235589686	07	https://00.img.avito.st/image/1/1.EvZrqrawvh9dHTwSQ7pxj3oKvB_bA7YV3Q.QHzc3TZOhJSnzSa56kH5ieZXLvJg89N-oYGlSfgd_lY
3003622246	01	https://00.img.avito.st/image/1/1.pNFh1LawCDhXY4o1Jda2qXB0CjjRfQAy1w.GjZqb-26YOoQGwejdqwEt3wa9MZZRU2NF0I7hcFGeEs
3003622246	02	https://00.img.avito.st/image/1/1.YOmBzLawzAC3e04NzblnlpBszgAxZcQKNw.WPrWOfKSwEY7CllF9oiSnGjOVKBxNmtzk30qwa_LXks
3003622246	03	https://00.img.avito.st/image/1/1.w09NH7awb6Z7qO2rR1SNNVy_bab9tmes-w.eKKydicc7hHKcnTOyQyR_N5W9MteDdH8K-yaCh4ncVE
3003622246	04	https://00.img.avito.st/image/1/1.X1DIxraw87n-cXG0-ttBL9lm8bl4b_uzfg.3iSuuMp_yv9MWFcW5xOEWG_xRc-jld13PxsBUJxPDt0
3003622246	05	https://00.img.avito.st/image/1/1.uYVe9bawFWxoQpdhIJPb_E9VF2zuXB1m6A.GixOJjCu32wh4lv8NRXsHSg8vFjS9pCAfTsbRST1qzA
3003622246	06	https://00.img.avito.st/image/1/1.dJz1YLaw2HXD11p4kXUU5eTA2nVFydB_Qw.lSayUohWAG2ybGcoIEshpTuCTAvrNmEtjaMfLiBkLfM
3003622246	07	https://00.img.avito.st/image/1/1.8Nzc47awXDXqVN44sLTfos1DXjVsSlQ_ag.deOFxe9gteulEYJ47vzP-NXAyLl1sPN3teU6mRgfGyU
3003622246	08	https://00.img.avito.st/image/1/1.uQVETLawFexy-5fhOmbwf1XsF-z05R3m8g.H1r6WWjYyaF_YKd0HEzRFICIGCek4lh2-BPHhLgUAwQ
3003622246	09	https://00.img.avito.st/image/1/1.sja3PrawHt-BiZzS3wzVT6aeHN8HlxbVAQ.Osaz41IIId1-n6qfAprzazu6K_vmDmcQMOu9TjtE8s4
3003622246	10	https://00.img.avito.st/image/1/1.eiZqVLaw1s9c41TCEnFmXnv01M_a_d7F3A.oVH9iYIcTUXJEt4H1XFCwCJAJP6ZKZq3cvnO_UQsHgY
2971667661	01	https://00.img.avito.st/image/1/1.vkNrQbawEqpd9pCnGzfMOXrhEKrb6Bqg3Q.j6gd2HIx498qp9Awq9NX--5Ad6NhWazvQ_7Uq7AK_Mc
2971667661	02	https://00.img.avito.st/image/1/1.1M2x5baweCSHUvoplfa98epEeiQBTHAuBw.AmPuYAFwKCF96LPkbHngCB0V4bSOegT9SKWEiabfNlk
2971667661	03	https://00.img.avito.st/image/1/1.IQVEALawjexytw_hCkhsf1Wgj-z0qYXm8g.kHWEaGGbOLGsUkYylSidGATwojlL-Pg0pU1XbwuKfTM
2971667661	04	https://00.img.avito.st/image/1/1.rJz09LawAHXCQ4J4oPbP5eVUAnVEXQh_Qg.hGxQorwxvRbe0JJdX7WV3vy1s06J5IwF3k2mbUD34-w
2971667661	05	https://00.img.avito.st/image/1/1.zQXHpbawYezxEuPh0fLbfdYFY-x3DGnmcQ.gZC8hlj721ZbmNn3oSByX6W8Hq_DMEKx3Z6hqU4roC8
2971667661	06	https://00.img.avito.st/image/1/1.r1DNeLawA7n7z4G0nxqnL9zYAbl90Quzew.JwhBxI2xq-_Kcg8BZ0lwVqh5YBldSfazej971C2Oev8
2971667661	07	https://00.img.avito.st/image/1/1.AQPGTbawrerw-i_nyB1hetftr-p25KXgcA.JLdrNVh3GDgW4yDUwEKpwZC91pzxy8q14zIjYDYCkQU
2971667661	08	https://00.img.avito.st/image/1/1.yIYSlLawZG8kI-ZiDoOb-QM0Zm-iPWxlpA.qq2ZXnr3lHF-o2dmCSmmTZMNj-mJ3iujLFZhK0j_FAc
2971667661	09	https://00.img.avito.st/image/1/1.5J1GDLawSHRwu8p5Anfi4lesSnT2pUB-8A.hh2YUVRfL7ascBkn8NKlfM6T7wN0_ECCzhsHldGiH_8
2971667661	10	https://00.img.avito.st/image/1/1.cjDR7raw3tnnWVzUuesmT8BO3NlhR9bTZw.D0gQtBL-bYOStcdNOmU1dnynMTO2UG7puMtFwZo-3-g
8026107539	01	https://00.img.avito.st/image/1/1.4J9r1LawTHZdY857J9ec5np0TnbbfUR83Q.wyLJvxVQDC6YCg6KY0t4ks59iay-HIkE8EN0zLE0WBw
8026107539	02	https://00.img.avito.st/image/1/1.TBd91baw4P5LYmLzachSaGx14v7NfOj0yw.OmNZUan185Uprft44lncXcX4UuUoshojl8SSDQz3d0Y
8026107539	03	https://00.img.avito.st/image/1/1.NKWx1LawmEyHYxpB1YRP3KB0mkwBfZBGBw.X5U2J2NrycFLl9r4RVFZgvnD43KQdugxKHSvf8L3--E
8026107539	04	https://00.img.avito.st/image/1/1.JitrH7awisJdqAjPK0snVHq_iMLbtoLI3Q.nmIoxNs39oWdfbS-ni5a6go7s9qQHSiXFv56Z0Kt6Ig
8026107539	05	https://00.img.avito.st/image/1/1.i_6tGbawJxebrqUat2_ph7y5JRcdsC8dGw.cjYMThmeM52SjxL5voK6hRE293TbzMrkkto_Hrfq0QA
8026107539	06	https://00.img.avito.st/image/1/1.uJzCk7awFHX0JJZ4vsHZ5dMzFnVyOhx_dA.nvwfVLLsArjq5IprJbFpvyHo-ppKAi5-O0dgaqpyJ8c
8026107539	07	https://00.img.avito.st/image/1/1.YrM7fbawzloNykxXcwgpySrdzFqL1MZQjQ.2GXnJ53MeTG_Rd0T_SJlfE9mGqscQsTyvNGusNgcIYo
8026107539	08	https://00.img.avito.st/image/1/1.iKDBybawJEn3fqZE3aum3tBpJklxYCxDdw.XftvTIVDePoXM40sVlsajwnnqaMVvbqz1N1t_mRCiIk
8026107539	09	https://00.img.avito.st/image/1/1.iyjtGrawJ8HbraXM9yScUPy6JcFdsy_LWw.PED9jblQbLSgugE67Jw7fblExrYsgfkOi7tYEoeLoQk
2459142290	01	https://00.img.avito.st/image/1/1.bJ1FHLawwHRzq0J5EXVs4lS8wnT1tch-8w.MjubIrpRu-tMGPk1H7Td5Qzjrx6j5mfDh61U0XK3BdA
2459142290	02	https://00.img.avito.st/image/1/1.4QOKzbawTeq8es_nxPqFepttT-o6ZEXgPA.2OL44AvHJwTbzZ8LZ5h4AT3fVNIcW55H0rS5FOEWSfY
2459142290	03	https://00.img.avito.st/image/1/1.nJ1GsLawMHRwB7J5cvab4lcQMnT2GTh-8A.2NVL9ShqYxQrX5x7xVBtnOKr5U4yzaY68SSaX7_2ZyI
2459142290	04	https://00.img.avito.st/image/1/1.LZWQTbawgXym-gNxxgk07YHtg3wg5Il2Jg.h8NHniF6wwTfLF9Jrf7pPll2yWBCSYPIvP6wbjW9Y58
2459142290	05	https://00.img.avito.st/image/1/1.BQZQNbawqe9mgiviVikEeUGVq-_gnKHl5g.pBBhdCFK-GCnwNXwYWi8PMyf4npHb5EJ0siTezk1Rww
2459142290	06	https://00.img.avito.st/image/1/1.pDKp1bawCNufYorW7Z_xTbh1CtsZfADRHw.tRKi9ms4ZM85kmcJINaMlJCLdMGwx3IE62iPHBmFk4U
2459142290	07	https://00.img.avito.st/image/1/1.mJ-C1LawNHa0Y7Z7vsb55pN0NnYyfTx8NA.VfuytRKQEmDgrfZt8hKCKHRjlTmxnEwB-pVnsGujhm4
2459142290	08	https://00.img.avito.st/image/1/1.xVwITrawabU--eu4DkWVIxnua7W452G_vg.Bu4KuECBFsOyfg6LmgjMXitd7Pox8zFoK5DZx0hY7aY
2459142290	09	https://00.img.avito.st/image/1/1._leVfrawUr6jydCz5SX4KITeUL4l11q0Iw.zqR6KtmR-5w_0g1zUk18-Im2LEYLZ9hwXbP99bWFj_c
2459142290	10	https://00.img.avito.st/image/1/1.z1BzyLawY7lFf-G0Ycu9KmJoYbnDYWuzxQ.Ez70RjqfXLXhnDp9sP8j95ppLxthCvY-yUAEAmftShg
2363625792	01	https://00.img.avito.st/image/1/1.mTDKTbawNdn8-rfU9H_JT9vtN9l65D3TfA.ty1fzBq9Zt6PRUCl_XTUUO-LGt2YN3N2zAgh5QxjrU0
2363625792	02	https://00.img.avito.st/image/1/1.pDEt1bawCNgbYorVaZv2Tjx1CtidfADSmw.FQX3jtBcQiRrcy2LDbtsxh-7Cmo4KvMuCkqw4KSYO6E
2363625792	03	https://00.img.avito.st/image/1/1.nJw9yLawMHULf7J4Cfbt5ixoMnWNYTh_iw.1P1F8by6y67Y69Api7Svf9zXw2-rqUfIzwqARnall-w
2363625792	04	https://00.img.avito.st/image/1/1.SrxLfbaw5lV9ymRYU1QGxlrd5FX71O5f_Q.9iWojERZNpwsrFIv4yuXA9FOdSjatwsDSBkCoqtyn3U
2363625792	05	https://00.img.avito.st/image/1/1.KFjBzrawhLH3eQa8na55J9BuhrFxZ4y7dw.EOf2rEDinho_UBK-qAh6JCbBz3l1He6PR-iO51WEwTU
2363625792	06	https://00.img.avito.st/image/1/1.C7qF_Lawp1OzSyVen8A7h95dpVM1Va9ZMw.jeEt3432wUSLXAHihD1KOhOY-BRHr4eE4TQNxoDCXDI
2363625792	07	https://00.img.avito.st/image/1/1.B0btA7awq6_btCmi7xcOCI2iqa9dqqOlWw.Ovm4MQeEaX1WQholENRJ9fguIzxZ-iumg_a9yB0Wwuw
2363625792	08	https://00.img.avito.st/image/1/1.FQ1Zj7awueRvODvpf6ted0gvu-TpJrHu7w.aViWozfJzS2OlQvYPHuG_4X4E3D8_EV_-0QZ9svRC-c
2363625792	09	https://00.img.avito.st/image/1/1.IFzZpLawjLXvEw64lYgnI8gEjrVpDYS_bw.D-XycX6Kot1q_wHT73emLSuiIzkqxY4BfEESiAZmm7M
1787955574	01	https://00.img.avito.st/image/1/1.fU1b67aw0aRtXFOpLe5SM0pL06TrQtmu7Q.wQQDtDkpthqYjNiN_x8NJmj3K7ZYoousl6BgWZo4DIw
1787955574	02	https://00.img.avito.st/image/1/1.L7hVGLawg1FjrwFcBwgHxkS4gVHlsYtb4w.fnNc7v68V89i79igerNfFN6M5pNrG9wPeOmomDk4V9Q
1787955574	03	https://00.img.avito.st/image/1/1.51DktrawS7nSAcm0psnILvUWSblUH0OzUg.FkmFo77XNgK30uUz_aZGy7syY3IHrNwqxnZnnxJyzBs
1787955574	04	https://00.img.avito.st/image/1/1.8YVRTLawXWxn-99hP2Po_UDsX2zh5VVm5w.WgypFpDnYYGFPExrroFdGw-5HqSsD59UFetmivjBk8g
1787955574	05	https://00.img.avito.st/image/1/1.4ISjVLawTG2V485g71_l-7L0Tm0T_URnFQ.HTop8D7g4o_fyREN1RBefcrKitgMD0FZOFfFgG9I5H8
2459643328	01	https://00.img.avito.st/image/1/1.ULTBybaw_F33fn5Q7eh8ytBp_l1xYPRXdw.yhMQp0CgU7368EBYn7FiXKD550FjcoHrT96vZewwgSQ
2459643328	02	https://00.img.avito.st/image/1/1.0RroTbawffPe-v_-xm6jYPntf_NY5HX5Xg.xA1QpkqggKE4oCtgTA-emv3JdQXIlm15Mltk-ON817w
2459643328	03	https://00.img.avito.st/image/1/1.p5BBGLawC3l3r4l0AyKv71C4CXnxsQNz9w.xhnsT7uqhIYnvZabeV4z3oD3bczOBJ_EO75y79WH5O4
2459643328	04	https://00.img.avito.st/image/1/1.HcLATLawsSv2-zMm9iBTuNHssytw5bkhdg.ih_0_PIwqLVjSpc2Iwcg65yXXNBKs78k5fARLpknO0c
2459643328	05	https://00.img.avito.st/image/1/1.UoF7eLaw_mhNz3xlUx0A_mrY_GjL0fZizQ.nHdpJtIU0vMTQbFCBF77xVGDuaZcQqZz428mY2c9yJQ
2459643328	06	https://00.img.avito.st/image/1/1.ORkTTbawlfAl-hf9bTV0YwLtl_Cj5J36pQ.EChKPlG73F95y30hBtOxlpqdAUzW9SqKlHU30nhl3lI
2459643328	07	https://00.img.avito.st/image/1/1.XJw_aLaw8HUJ33J4C3Uo5i7I8nWPwfh_iQ.12C05bAU28lJCBPuBxgjQ2MIHO3Hv9bGV36IHQ5tTWE
2459643328	08	https://00.img.avito.st/image/1/1.KSlYUbawhcBu5gfNBhFiU0nxh8Do-I3K7g.NJgJNOkC8E5S7B1y7n49O16vpyzaIE5wb9L6uJ24UxQ
2459643328	09	https://00.img.avito.st/image/1/1.wbrYeLawbVPuz-9e1ieTxcnYb1No0WVZbg.GEGNaGU-OLLO8dGzz8JJ7M16ff_hvtFyEEYRiuCjURE
2459643328	10	https://00.img.avito.st/image/1/1.h24NA7awK4c7tKmKD13iFxyjKYe9qiONuw.i29Wwl7RW7qaQU3VpP42hwIbbk76R2BrFZLDZpz8fZ8
7418395835	01	https://00.img.avito.st/image/1/1.r1DPIrawA7n5lYG0nXSuL96CAbl_iwuzeQ.d9ekSKVHRNijJ_ITt7V6UDGX2xDmwkrosLJ6mK7NS74
7418395835	02	https://00.img.avito.st/image/1/1.FKTBKLawuE33nzpA5TBl3tCIuk1xgbBHdw.A67woGH3NTLHzbBw_RmCEZXe9hOwNUX9Xyy5wJf8R7k
7418395835	03	https://00.img.avito.st/image/1/1.goZrurawLm9dDaxiY7Tp_3oaLG_bEyZl3Q.uLGyV46yskSj2pj18QczI7pcuBFNBBxWI2pA_iRonRQ
7418395835	04	https://00.img.avito.st/image/1/1.R3wN2baw65U7bmmYD6BKAxx56ZW9cOOfuw.vfRgxy3SFUYen49MrahWQ_tuwIG7j0UVs1nQ3QUZtyQ
7418395835	05	https://00.img.avito.st/image/1/1.xKmB1LawaEC3Y-pNhben0JB0akAxfWBKNw.L-LjXAkDx7ICo2tbJ32MdK2LWHLPz6_JvNPUtx4mDds
7418395835	06	https://00.img.avito.st/image/1/1.gNzCeLawLDX0z644zh78pdPYLjVy0SQ_dA._hfOyFPNHTliD9DrcsqixNyP3YVyw5Ui7_t03mDlhwE
7418395835	07	https://00.img.avito.st/image/1/1.CgZtyLawpu9bfyTideRYeXxopO_dYa7l2w.JV7TUjl3leS9BVNEoHDahuP1HGeO36cydSCyIJvvHQA
7418395835	08	https://00.img.avito.st/image/1/1.SBzB0Law5PX3Z2b43fFRZNBw5vVxeez_dw.bJCNoqhuW7fWWsugP7A7mfyLFYjQaZ1tOn5Jeerw9CA
7418395835	09	https://00.img.avito.st/image/1/1.llbWfrawOr_gybiy9iiaKcfeOL9m1zK1YA.FEmQL80WFD6eQR_-awPU2njthEqXBp8wGNF_9ji59hI
7418395835	10	https://00.img.avito.st/image/1/1.FPDB4LawuBn3VzoU5ax1idBAuhlxSbATdw.ppIoCArkQTtiPSR9OnW3ciWuFRJGw29HAiiHuNbB3Vk
2970990135	01	https://00.img.avito.st/image/1/1.AIYNlLawrG87Iy5iAfBQ-Rw0rm-9PaRluw.STo3yGRabYpWfs2kstj4gpt7PM4GFNOal4JdrHbKesQ
2970990135	02	https://00.img.avito.st/image/1/1.NZMATbawmXo2-ht3ZkEq6xHtm3qw5JFwtg.r-VGSjthmaVvnE1O8_DFCX8jnKOtdleRFNCnaopG7PA
2970990135	03	https://00.img.avito.st/image/1/1.irgLfbawJlE9yqRcE0fEwhrdJFG71C5bvQ.smxOgHYEdC6wGsQVcB531d88d9B9vj4PidmdFbybUWc
2970990135	04	https://00.img.avito.st/image/1/1.EYVoxLawvWxecz9hRqgQ-nlkv2zYbbVm3g._7dXLD8POkoovubBVXk3YCO5EqqDaLHXEmUmrTaz6_o
2970990135	05	https://00.img.avito.st/image/1/1.XJz6SLaw8HXM_3J4znUi5evo8nVK4fh_TA.e7dui7-d-dV7bgCvtS_2mSjRRoNmYG-e9FgOZN1knks
2970990135	06	https://00.img.avito.st/image/1/1.EYViELawvWxUpz9hTFw9-3Owv2zSubVm1A.n2Pgb2-_UZYGzrpoWg6Zx_o-VvNXfRn8bA4bZSj8hR8
2970990135	07	https://00.img.avito.st/image/1/1.LWVgTbawgYxW-gOBNnFEHHHtg4zQ5ImG1g.9Kf_kXCR2uu3t3DyNWsKDOI9PTJ2HG8x14loqjNjcKM
2970990135	08	https://00.img.avito.st/image/1/1.8gZte7awXu9bzNziBRT5eXzbXO_d0lbl2w.HZsvZaEFzVVACsse260dRSPjokKFtXffPKqpNwjv9xE
2970990135	09	https://00.img.avito.st/image/1/1.SSbYUbaw5c_u5mfCxmwCXMnx589o-O3Fbg.PRqFtqr5fhDnnw6cm-TXkOQKmyLWFL4COKtf1VMiYDc
2970990135	10	https://00.img.avito.st/image/1/1.2_AK-bawdxk8TvUUMO6qihtZdRm6UH8TvA.ElmlYl6yo-aYZq_2NPmJ2hE7dtbt2EMEWQhisb-9Lk0
7578311893	01	https://00.img.avito.st/image/1/1.OJ-ElLawlHayIxZ7-OBZ5pU0lnY0PZx8Mg._ae2Zt10xCAxEKAyGxFT3OkfLdfkEB1JzMPZY-GhdJ0
7578311893	02	https://00.img.avito.st/image/1/1.CzAMsrawp9k6BSXUFt5oSR0Spdm8G6_Tug.5RO1GhFY9RnxO2OBDibtWxJEOlv5mC4rnvYyQyuBpoY
7578311893	03	https://00.img.avito.st/image/1/1.UNzB17aw_DX3YH447fYxpdB3_jVxfvQ_dw.z6UJYfgtVSuS-CG0g9nUdmTKG9EkZHALGncqKD0zWd8
7578311893	04	https://00.img.avito.st/image/1/1.lVxITrawObV--bu4bmTFI1nuO7X45zG__g.yaOBpmvkQkLyNgtLIVf44IbESYQdhjd8KcDCdrFyCeg
7578311893	05	https://00.img.avito.st/image/1/1.b1AXrraww7khGUG0ReMMKQYOwbmnB8uzoQ.E1Mois2K0R5VOscSEqbUjia_yWMn8hXAVOu2sGTC-so
7578311893	06	https://00.img.avito.st/image/1/1.W1wKeLaw97U8z3W4MDVTIxvY9bW60f-_vA.ehQq5LjLHJUpZxD9KlnpZyYnaZaR5F5kC3OjbkapnV4
7578311893	07	https://00.img.avito.st/image/1/1.Y_7NGbawzxf7rk0ah2ABh9y5zRd9sMcdew.dzpVgEpPGj585XF8XkKOYfZhx9KNgP4o8dRaSGA8ufc
7578311893	08	https://00.img.avito.st/image/1/1.QkZrlLaw7q9dI2yiY6k-P3o07K_bPeal3Q.v4-6jmK41hyDPkoL6LTPZQ3zdSpbHTjjJFs5LyLpuNc
7578311893	09	https://00.img.avito.st/image/1/1.ajWd7rawxtyrWUTRxesYT4xOxNwtR87WKw.-sMvNAHygeqID75KweR1c9tJlu2izOJc0JhWR0X0N_I
8026577260	01	https://00.img.avito.st/image/1/1.tQYBjbawGe83OpviZ8_leRAtG--xJBHltw.dIUve5bkqu5imT3h2TsCitIPk5A2bHMzldcdpk9z28E
8026577260	02	https://00.img.avito.st/image/1/1.JiFrRrawishd8QjFKzpvW3rmiMjb74LC3Q.8BrayJOr15QSPu7ngeIzZgpflKAfgj4QwKAD3eGOqUA
8026577260	03	https://00.img.avito.st/image/1/1._E9V1bawUKZjYtKrIeLSMUR1UqblfFis4w.oLpSGCzz_arFKCFjJGdBnBSB2nWXY5HBP3swFsZ1QYc
8026577260	04	https://00.img.avito.st/image/1/1.y1HfuLawZ7jpD-W1xc-2KM4YZbhvEW-yaQ.uo4ZWgSjXehFP9pKRjXxN4dEixzvc4dGoELSGmJaaq8
8026577260	05	https://00.img.avito.st/image/1/1.oXpYUbawDZNu5o-eFgvvAEnxD5Po-AWZ7g.Z6Pl75Oy_crH-HwULcg-cqYvY7FhlRfw1r0jN3BhUGs
8026577260	06	https://00.img.avito.st/image/1/1._5SXGLawU32hr9Fw5Q_k64a4UX0nsVt3IQ.7D4tBTFDcIzEYXv8r_rRJiX__Or-qqhex0xuzWQsH1k
8026577260	07	https://00.img.avito.st/image/1/1.Q7AKE7aw71k8pG1UAE4Iyhuz7Vm6uudTvA.unonFarExK-0VKOhQLsIXXoQbGrAkdLjJLPeWoG5ZFM
8026577260	08	https://00.img.avito.st/image/1/1.OISD1LawlG21YxZg_9Q5-5J0lm0zfZxnNQ.V5VGyNeGrQoRKcoD2PWV8g2oFxSDyHlEwmKjIdt_6ag
8026577260	09	https://00.img.avito.st/image/1/1.B1Dkjrawq7nSOSm05oIoLvUuqblUJ6OzUg.e17vE_Y-D9Q9T_UeEvxDeK3wWp69xB3Vp0VVh0P6qps
2939214015	01	https://00.img.avito.st/image/1/1.cT84zbaw3dYOel_bVuheQSlt39aIZNXcjg.DLHv9jV1HsB4sxNTqAjgc3Gtgkou4jehu8MkKLxGarE
2939214015	02	https://00.img.avito.st/image/1/1.UiHLeLaw_sj9z3zF4zFQXtrY_Mh70fbCfQ.QS_FR_VJYsVxRrp83dGiwfc4OPStlBqyoPoGtwHdRe0
2939214015	03	https://00.img.avito.st/image/1/1.AnOjK7awrpqVnCyXqx9vT_iKrJoTgqaQFQ.Tt2iy5cBXlx7sumJHKz48hDkNq-kZ_xhffSL80Ah9zs
2939214015	04	https://00.img.avito.st/image/1/1.7U_6frawQabMycOrrHnXcqHfQ6ZK10msTA.9bIReJ4AhGH-WDNaUD6-6kEtGxUCvOW-ZUFQPp71qPs
2939214015	05	https://00.img.avito.st/image/1/1.mISu1LawNG2YY7Zgkoac-790Nm0efTxnGA.r81quSdBXma-DTC3WGKJ2Y8SOAnHyzye2e7MpIgMNBY
2939214015	06	https://00.img.avito.st/image/1/1.OcsW57awlSIgUBcvaLNU601GlyKmTp0ooA.n02hVX5Qe8JrBX6H9ctgO3LgH730u8Sowu6Ym-vtCds
2939214015	07	https://00.img.avito.st/image/1/1.QYVEDLaw7Wxyu29hSiEM_1Ws72z0peVm8g.y08DndtwEkG4EoDuOUv5XQ-D4HZLwQj_jLW7wCGQgsg
2939214015	08	https://00.img.avito.st/image/1/1.11B9HLawe7lLq_m0XzeeKmy8ebnNtXOzyw.Z-mvOl9euvlkctfEfTjnK8F-X0s2vdgLzA2gNiIGrLA
2939214015	09	https://00.img.avito.st/image/1/1.wr0rfbawblQdyuxZIw6OxzrdbFSb1GZenQ.83F8gTQxQ6vBMmRSvVMzBDKxjdFkRHw9smgSJwaLRCE
4059367417	01	https://00.img.avito.st/image/1/1.yjB0vrawZtlCCeTUbO3MT2UeZNnEF27Twg.juYZJnmHPphm6G9EGM-AnLwHaIa7hT3pfXV4M0jsvw8
4059367417	02	https://00.img.avito.st/image/1/1.vxYNA7awE_87tJHyfy3bbxyjEf-9qhv1uw.9fYPX2x9N8SIQbHIqN5tgr2-9Jzit42n7leWxFIAIGA
4059367417	03	https://00.img.avito.st/image/1/1.RhRrHraw6v1dqWjwazdOa3q-6P3bt-L33Q.Tsizu7Fs_FOVD-RMVN2AZxAXDRDRYrXO-9QITZJeDFM
4059367417	04	https://00.img.avito.st/image/1/1.YVvYUbawzbLu5k-_lgQtIcnxz7Jo-MW4bg.mg60aPWlM74AjxPqChnp4yw98BLSPhierhGdFZ5PMfw
4059367417	05	https://00.img.avito.st/image/1/1.L02JGLawg6S_rwGp2zBQNJi4gaQ5sYuuPw.6nYWGWqgCpFmObfB6yVfSXy4irOlIdsIJO-snETwxUU
4059367417	06	https://00.img.avito.st/image/1/1.CQVEXrawpexy6SfhWmZBf1X-p-z0963m8g.MT8Q9-yhiiqEwMph0giWsJ7fGSuQi6vmRG6x1kXV2XE
4059367417	07	https://00.img.avito.st/image/1/1.D94N8Lawozc7RyE6H8wkoBxQoTe9Was9uw.B5vIyEwJLTLBkZfVquziVtjNUkPcra2NBSJZ9gsS864
4059367417	08	https://00.img.avito.st/image/1/1.BjZmlLawqt9QIyjSZpxgT3c0qN_WPaLV0A.Q5k27Y8XWVo5TeOvJXbYfGKA67hoEp_xd1POw0BbfU8
4059367417	09	https://00.img.avito.st/image/1/1.LNPJ1LawgDr_YwI3nfw7q9h0gjp5fYgwfw.cxxzv90jQlgnMvEzsnXTFYGCYybzKve5mTpV-nAtPqg
4059367417	10	https://00.img.avito.st/image/1/1.-NYBzLawVD83e9YyfcP4qRBsVj-xZVw1tw.bOzfhQDtCvRzhOqZAZt0IIVTQId4phTdbptkNOLnbNQ
7994668408	01	https://00.img.avito.st/image/1/1.AQyEzbawreWyei_oiokVdJVtr-U0ZKXvMg.DSIDvWezWDH8L5HszYepJ_oBbEoPNRWH_iC0RHGkExM
7994668408	02	https://00.img.avito.st/image/1/1.bQXI7bawwez-WkPhnpx0fdlNw-x4RMnmfg.5JP052JeJHOFlBj9-uEjFuiZr7WhUdc9OWQnGiJ5cao
7994668408	03	https://00.img.avito.st/image/1/1.hd1bWrawKTRt7as5XRSbokr6KzTr8yE-7Q.C4-ZmQCNYCToQiKz8Np405Cmady2AADDHU6QjuQPkWo
7994668408	04	https://00.img.avito.st/image/1/1.htZrcLawKj9dx6gya1L4r3rQKD_b2SI13Q.gBCuTSDGdgcp1vxmmfxrV5hc56jv17bk-4wwzwiJ6EU
7994668408	05	https://00.img.avito.st/image/1/1.djZlWraw2t9T7VjSBWsOT3T62N_V89LV0w.lUULl6CRM9lZioFSLXlaA5btC3NgHZcF9bqHUv0sfRk
7994668408	06	https://00.img.avito.st/image/1/1.hrFrFbawKlhdoqhVayvTznq1KFjbvCJS3Q.6YrjgI7_7RHBo8QeI7jtILJjst5qKPxCZQ8vxSESOYM
7994668408	07	https://00.img.avito.st/image/1/1.9KjBm7awWEH3LNpMpYzj0NA7WkFxMlBLdw.BbpZ7RlqZxS7LlzvBQe7gAZUSS_VOyZcRRTeG_fb170
7994668408	08	https://00.img.avito.st/image/1/1.KKwBybawhEU3fgZIXeUH0hBphkWxYIxPtw.H6Chb1NN_lvebz2DD6WShGxp-8yLJUWaBEuciIsFjP0
7994668408	09	https://00.img.avito.st/image/1/1.tQZYlbawGe9uIpviPtu8eUk1G-_oPBHl7g.EjnjWa_EM52Tp8yBl5JOsLOoeSwb3tmfXXeg0ujrECw
7994668408	10	https://00.img.avito.st/image/1/1.0ISn1LawfG2RY_5gi5fV-7Z0fm0XfXRnEQ.kIaYM2X5lYWSPzlj0Alx_hmW5QQiyWYHMhgQFeYZZPg
2331762055	01	https://00.img.avito.st/image/1/1.1QYDbbawee812vviJV6HeRLNe--zxHHltQ.zGjbPsHmGiz5ZA6IanU_3CoCbap84zxgnBhEXwxAvt4
2331762055	02	https://00.img.avito.st/image/1/1.8zAPVrawX9k54d3UZTnpSB72Xdm__1fTuQ.uELNuN-ZsHd_L84BeJkU0hggiEbaA445P8U580KREHw
2331762055	03	https://00.img.avito.st/image/1/1.NKvd1LawmELrYxpPuehT0sx0mkJtfZBIaw.l5YBWdjjoME5y-To0vcJvwvlyAEnMsjWIJQMButenzg
2331762055	04	https://00.img.avito.st/image/1/1.9BjBM7awWPH3hNr8pRSyYtCTWvFxmlD7dw.r7gKBJiVU1OpY9rj8ju5ZZdGSUOxX7Vc8kjNnVkur3U
2331762055	05	https://00.img.avito.st/image/1/1.1QZTdbawee9lwvvidUrXeULVe-_j3HHl5Q.IB6rZdn4q6XhIoBuktpXJxoea04p_aeUaWQwWXIMdkY
2331762055	06	https://00.img.avito.st/image/1/1.2jZo_rawdt9eSfTSUN2TTHledN_YV37V3g.4nTDOWKrdxYmzepYp2cWCkjFw4ccFqKOZMuM1VhcWcQ
2331762055	07	https://00.img.avito.st/image/1/1.hGjBKbawKIH3nqqMxX_2EtCJKoFxgCCLdw.HKekOpzhTiNPzVzgZgwXJ-3nYb2hw2tLUTBhpcb5k0g
2331762055	08	https://00.img.avito.st/image/1/1.3sVrHLawcixdq_AhW3PAunq8cCzbtXom3Q.JwjfMuAmg0Xqplm4oHAmIb-WDZiPDkH7tIh5YYTPoUg
2331762055	09	https://00.img.avito.st/image/1/1.J3oNzLawi5M7ewmeT7h-BRxsiZO9ZYOZuw.i3D33VPFR471O54cOE3TQMl6NGM77sqMXoTUAi-AhYw
2331762055	10	https://00.img.avito.st/image/1/1.xHw51LawaJUPY-qYPY-MBih0apWJfWCfjw.ZlhG6jmLAaBJw39keTs37m8A2tM7sXiYIpZvzl-co6s
1914981376	01	https://00.img.avito.st/image/1/1.3RVYOrawcfxujfPxbhGjbEmac_zok3n27g.8UeG5YAq85duq-8ZSYi8u179Hr1YeHhD1_fDtVkp_zk
1914981376	02	https://00.img.avito.st/image/1/1.wclYS7awbSBu_O8tVgiksEnrbyDo4mUq7g.DiRE2LHDhK6jajUadGhcHAYM5bbv4WaZm-ZxkOQrcAQ
1914981376	03	https://00.img.avito.st/image/1/1.kKLBybawPEv3fr5G7Yu-3NBpPktxYDRBdw.xHEWWE-nk9J-U6d3dc5FBJvUDPljEr3fWG5_rwe7kaE
1914981376	04	https://00.img.avito.st/image/1/1.WJ-alLaw9HasI3Z7poE65os09nYqPfx8LA.noNAPP6tdXuPLpwA8GdItRxks1zJ8pnwXyJ5Dm5o58I
1914981376	05	https://00.img.avito.st/image/1/1.GVPYfLawtbruyze35mgFLMnct7po1b2wbg.ymPh20JPI0DSkyA4RxUaGXFo1jESpLkhcd_9mWauPXg
1914981376	06	https://00.img.avito.st/image/1/1.b1AW7Laww7kgW0G0RKUJKQdMwbmmRcuzoA.h_M1_MDjanpfRjtL2q8Bwvt7fKXdjjErQ2Okq9Gjs9o
1914981376	07	https://00.img.avito.st/image/1/1.5J1KCLawSHR8v8p5Dnf64luoSnT6oUB-_A.RTsikowF2vH3rSi0L20aQ1Tlsa7AdUvKYTHfEfppg2w
1914981376	08	https://00.img.avito.st/image/1/1.c117uLaw37RND125Ec0nImoY3bTLEde-zQ.INuvUNlilCVIUQCIG74xbIdR0oQ0Uo8yrX9ZxTwTLSs
7578468771	01	https://00.img.avito.st/image/1/1.zQYCtbawYe80AuPiFOqeeRMVY--yHGnltA.qN__UzwbPHDPlLXnWKYTlPCmhsM_YKQHzx0e_ky8ka0
7578468771	02	https://00.img.avito.st/image/1/1.p5O7GLawC3qNr4l3-Vag7Kq4CXoLsQNwDQ.giG5ny73BM6dFxn3nEZUo338UZANHctNI4DgG2ZLOW8
7578468771	03	https://00.img.avito.st/image/1/1.SZFYeLaw5Xhuz2d1RnkZ7knY53jo0e1y7g.G8CKhLA_RibFb3T2oYhpc0BYu4tN7WxVQ29k0XRXHQk
7578468771	04	https://00.img.avito.st/image/1/1.Z7inGLawy1GRr0lc5W1Mxra4yVEXscNbEQ.tvoRGlC40HlOgrNURvN2G-MaGyEsPzKfIJAaeMqN8u8
7578468771	05	https://00.img.avito.st/image/1/1.sIR0VLawHG1C455gGC6v-2X0Hm3E_RRnwg.hBmBOLHC3u2dC76SAhuBz5GcRSDpNO8Pa7inJngS7q0
7578468771	06	https://00.img.avito.st/image/1/1.5jZSl7awSt9kIMjSEpCgTEM3SN_iPkLV5A.cZOEwqRCKeqAZKuUqVLJ0JxAeoYwwR0pv5k1-9F_DHI
7578468771	07	https://00.img.avito.st/image/1/1.O1Gl2Lawl7iTbxW13-BYKLR4lbgVcZ-yEw.N37r6Qqbpv6PFzem5O8efXVavkc9OMmYULphq3I5iN0
7578468771	08	https://00.img.avito.st/image/1/1.U-HNGbaw_wj7rn0F5wA2mNy5_Qh9sPcCew.lA2eCX6N5Hh5bAYLHj78pG-J4L9VU5FtoY2rHHhQuVo
2619132474	01	https://00.img.avito.st/image/1/1.41Jy-LawT7tET822OKf1KmNYTbvCUUexxA.TeqmbXn4nybfVwdOEYwz42F_pMW_khZVrzB_4PySUiU
2619132474	02	https://00.img.avito.st/image/1/1.gJzP_7awLHX5SK54w-3M5t5fLnV_ViR_eQ.FhMi0hSJWC2BqhfYLs8vLuPpsk_uoK9dTBwG-TM-jW4
2619132474	03	https://00.img.avito.st/image/1/1.-Z9yZLawVXZE09d7DBfpoynFV3bCzV18xA.jnqk0D7U-a9Lwf0qgxU7S7SCGC9xiH4WFz2C0fx36QA
2619132474	04	https://00.img.avito.st/image/1/1.gtMw0LawLjoGZ6w3OMrc8WtxLDqAeSYwhg.mO41X8Qy0VanrJAyQgLG3bX_IGzKx2bMWiSNTUYNTgw
2619132474	05	https://00.img.avito.st/image/1/1.8Am8HrawXOCKqd7t0BXAL-e_XuAMt1TqCg.hIxOc-mg5dcxUB9GmrlI9Z2FLhpr_md0BwWCbpnftss
2619132474	06	https://00.img.avito.st/image/1/1.xega4bawaQEsVusMHOKhyEFAawGqSGELrA.eupFaaK7Nc7dmwHSwPmPmAycxuvN0eR83kX8eMvNi8k
2619132474	07	https://00.img.avito.st/image/1/1.qOR9QbawBA1L9oYAISu2wybgBg3N6AwHyw.R-i3uJfC0kub7fP3kXq5XvMcYLfhB5mSMG5RA17ldNY
2619132474	08	https://00.img.avito.st/image/1/1.j5WRGLawI3ynr6FxgwKQ6oC4IXwhsSt2Jw.L1JROHl45hiBXs7sM4CG3DqtyZWWe5VpVjw1uYIO-3k
2619132474	09	https://00.img.avito.st/image/1/1.mRrMTbawNfP6-rf-8k_pYN3tN_N85D35eg.75jAeEnYg_AJ-7EEN6D_7agUdlFGkklVx5iwothNby0
2619132474	10	https://00.img.avito.st/image/1/1.mjWcjrawNtyqObTRpNDoT40uNNwsJz7WKg.T9-VbX2guo5r7RFvrE6Nfhc7qXkL2PH4OtdmUlnqrKM
7994863933	01	https://00.img.avito.st/image/1/1.U2iNH7aw_4G7qH2Mpy4UEpy__YE9tveLOw.f6GRuxoZsA1S5sA6gYVWYJNc_KX2p7M01UumJVuJ4VA
7994863933	02	https://00.img.avito.st/image/1/1.bJwjsLawwHUVB0J4d_Uh5jIQwnWTGch_lQ.hO6_D0L6qww4-vE96OhMkL983dv96YgjtjwZ-HUK5ug
7994863933	03	https://00.img.avito.st/image/1/1.y1JwmLawZ7tGL-W2aovdKmE4ZbvAMW-xxg.82JZRACoWRCLnZWj8qSDMiF9cPqMKYToutB76ZSbwU0
7994863933	04	https://00.img.avito.st/image/1/1.vvxrc7awEhVdxJAYG3nZhXrTEBXb2hof3Q.8nNchuZeWTUsJTIIhCN2YsebKJ2PFEh4ENVdFC5uv6c
7994863933	05	https://00.img.avito.st/image/1/1.VcpgTLaw-SNW-3suRnETsHHs-yPQ5fEp1g.NrBrMV1rhYsyF3udqadgn__lN6CZbDaollzLKY_kSlg
7994863933	06	https://00.img.avito.st/image/1/1.iYpYS7awJWNu_KduRhHo80nrJ2Po4i1p7g.PkOTGLirUo-YKZx-AH5pWB3O2T4VtBKcwGzVO4phLOw
7994863933	07	https://00.img.avito.st/image/1/1.Mh5Lf7awnvd9yBz6I1cvZlrfnPf71pb9_Q.Cqk3Y9gbcIEjwRBjnJ-7mgpbtLH2d73WyLnu0_11Eb4
7994863933	08	https://00.img.avito.st/image/1/1.OjB2rrawltlAGRTUDvo9T2cOlNnGB57TwA.kZd2tSe9daGepTCdx4I0UvOQK6VUKA2o7S7bYOUk3D4
7994863933	09	https://00.img.avito.st/image/1/1.6YVRSbawRWxn_sdhD07w_UDpR2zh4E1m5w.pKyA8II_wlQ8ZkGaAIt68233L6tkP1ZCPuLpiJcjaGI
2203089999	01	https://00.img.avito.st/image/1/1.xf2QTLawaRSm--sZlgu0h4HsaxQg5WEeJg.C4uW_Fm5QXL30frzA3j9fgFQXQK6sgUf9063Fyhfe5g
2203089999	02	https://00.img.avito.st/image/1/1.5J1E5LawSHRyU8p5APfn4lVESnT0TUB-8g.dyTvLmrp5M_h-uTNxLQvBuJvr-zbwA4JkFyG7hE51Us
2203089999	03	https://00.img.avito.st/image/1/1.vkdrbLawEq5d25CjGwqkP3rMEK7bxRqk3Q.1_3klcTEyzUQ1H-ECCLnNECEaxogVbzWcJenDFSwK9Y
2203089999	04	https://00.img.avito.st/image/1/1.Gt07frawtjQNyTQ5AwpmpCretDSL174-jQ.yD0WqXAI_wMgnmCKjI5_uqs0WmdlmGw0JXIE5_5GGyw
2203089999	05	https://00.img.avito.st/image/1/1.PjYAnbawkt82KhDScLFoSRE9kN-wNJrVtg.YNsQn1jgK0NVR3OpeiuM93gqpYlygL_3WmG74492B5w
2203089999	06	https://00.img.avito.st/image/1/1.DttrbbawojJd2iA_e3kYo3rNoDLbxKo43Q.lGCJDGo4YtxaPGp-9tFbUwm8NgGbVD_Ohl7CA0KobUg
2203089999	07	https://00.img.avito.st/image/1/1.MFKBzrawnLu3eR627YpgLZBunrsxZ5SxNw.AmPkbDaI-fraXPCesh_83cUo0kbEi2d6cO6-fiZnSN8
2203089999	08	https://00.img.avito.st/image/1/1.-iYLf7awVs89yNTCc0T7XhrfVM-71l7FvQ.CK4C1S1D7WQKzW_rUb1t0i1b3WsWtwx95_B1ylTCcF0
2203089999	09	https://00.img.avito.st/image/1/1.3f1Y3rawcRRuafMZboHHhUl-cxTod3ke7g.7ku14Fl3MqYSm2_8akI9YQQmu-tFmsjw_BujZWRaUHg
2203089999	10	https://00.img.avito.st/image/1/1.KrxrfbawhlVdygRYM11mxnrdhFXb1I5f3Q.CPVem4JVW-KckX2CMtcEQXEWJystOUGXxN3mgzpjYc0
2267353148	01	https://00.img.avito.st/image/1/1.DRVY2bawofxubiPxTvEQbUl5o_zocKn27g.qK5pbinesxKDUnzIghgsOao1wOa6NKlSLYgFognAgjQ
2267353148	02	https://00.img.avito.st/image/1/1.JW1Y27awiYRubAuJHs86FUl7i4TocoGO7g.mkSDlRSzIL2AgBsykCqWA0y_Z6K23dbDgvWrQXVkD3M
2267353148	03	https://00.img.avito.st/image/1/1.AJg1VLawrHED4y58OTwX4CT0rnGF_aR7gw.sB4Yxha3M_3GrFdUTqD2FloUrBXpKAKmrHrSg-IHCdA
2267353148	04	https://00.img.avito.st/image/1/1.rjZT6bawAt9lXoDSA5fjTEJJAN_jQArV5Q.Bzih-hWFGTSHEfzjp0KMmr6Ip6026sbEvdgDKP_tcN8
2267353148	05	https://00.img.avito.st/image/1/1.Kh3rf7awhvTdyAT5sz82ZfrfhPRb1o7-XQ.p4ISMTBtKmSLlJEVcmvn_EyNtYwvfJ6E853StEy-j5Q
2267353148	06	https://00.img.avito.st/image/1/1.dQYABbaw2e82slviZgAkeRGl2--wrNHltg.drrcYyeYoveJdGVc7rg8nEggRxw2xuyLZfKEfuiI3qU
2267353148	07	https://00.img.avito.st/image/1/1.ARlATbawrfB2-i_9Ti1JY1Htr_Dw5KX69g.Xhj0W5xnUkTxLH5LVIU_DUoBU24UomqRS98v2hetTxU
2427124292	01	https://00.img.avito.st/image/1/1.lZMITbawOXo--rt3LkeK6xntO3q45DFwvg.chBoedPmmTd7-6KjCSY-cy5wAYmcgHnHa34CWPhxpnE
2427124292	02	https://00.img.avito.st/image/1/1.w4RNGbawb217ru1gRzK__Vy5bW39sGdn-w.PtNMrF_5kNWDSPooD-x6vPbzs2_5Je7ON8vWpvovwKQ
2427124292	03	https://00.img.avito.st/image/1/1.RlprRraw6rNd8Wi-a1cMIHrm6LPb7-K53Q.-jruJ0V-dXDehXoiE43GuDjGI4wFNsukAmIH8OO0kIU
2427124292	04	https://00.img.avito.st/image/1/1.Sgl7f7aw5uBNyGTtYxpccWrf5ODL1u7qzQ.r106IYP9L3NXJca8cwsf9rOymCCO-tkw-nYStoFGCxU
2427124292	05	https://00.img.avito.st/image/1/1.YC_B17awzMb3YE7LjcYfVtB3zsZxfsTMdw.8PyBqARhfmV0hBh7Q2UUH4K_YXFdmil0sM6vnVBRh5c
2427124292	06	https://00.img.avito.st/image/1/1.OcvyZ7awlSLE0BcvjBda66nGlyJCzp0oRA.6HuEoqxuUUgqhmoOasBe6v2jRoY0eUWv3LVtvVDnYzc
2427124292	07	https://00.img.avito.st/image/1/1.6QVoVrawRexe4cfhNi3henn2R-zY_03m3g.jzGn7PDqQ90wBn0WfDOUmeeU9EZR8o3FHYa3CQF_ne8
2427124292	08	https://00.img.avito.st/image/1/1._VhYTrawUbFu-dO8Lm2pJ0nuU7Ho51m77g.yTlewEC3qH0CrQ0mZPHwOA2tNtyA8-0ch6NVP03FRPc
2427124292	09	https://00.img.avito.st/image/1/1.ZH9J1LawyJZ_Y0qbDf0qBVh0ypb5fcCc_w.kNOu7M4hEplp6SZc-Cc4uBDLqg_fi4Unm5mjWKTsx3E
2427124292	10	https://00.img.avito.st/image/1/1.ihwbf7awJvUtyKT4A0GWZArfJPWr1i7_rQ.TdKOQQuaC9gCZWjX1gv3TcpO9wu6CbU9jm68527I5VI
7866626729	01	https://00.img.avito.st/image/1/1.GUNYfLawtapuyzenZmwEPEnct6ro1b2g7g.fD2gInsgMeJNmr5TsPh5TrhQc6dM_8m89tYLEMf1_go
7866626729	02	https://00.img.avito.st/image/1/1.XJwjBLaw8HUVs3J4F3UQ5jKk8nWTrfh_lQ.EWWsSTg3Wv2HLTF3_EXjsL8ZT-36CeVkqzsg4fDvO_0
7866626729	03	https://00.img.avito.st/image/1/1.hT1YObawKdRujqvZXgf4REmZK9TokCHe7g.FmIyrsx5EzprgkVP2t2k7bDyMNGV7QPxlC-ksAaVbCY
7866626729	04	https://00.img.avito.st/image/1/1.GfFYfbawtRhuyjcVZn0fjkndtxjo1L0S7g.MKRGTGXR5ugeLtVonnTe1ySi1MT85TLw_wbPftZbgWE
7866626729	05	https://00.img.avito.st/image/1/1.RkVrbLaw6qxd22ihawFcPXrM6KzbxeKm3Q.RkLq5MfQqPxZrY_m20REbil0ISN0rJJslxCun44JJNw
7866626729	06	https://00.img.avito.st/image/1/1.QiZqVLaw7s9c42zCYnFeXnv07M_a_ebF3A.eEZ7uLIR00lVAEZUSv-3xvJuQsawAZZYkRBW66rBfk0
7866626729	07	https://00.img.avito.st/image/1/1.BJz4CLawqHXOvyp4_HR-5emoqnVIoaB_Tg.ICHgiDsDjpgUxevlrdX-9CrrCgUA2o3Y8i7hPNjp5zA
7866626729	08	https://00.img.avito.st/image/1/1.MD7BzLawnNf3ex7arcwtQdBsntdxZZTddw.paooLxmj1wHVoVb-AbrtzTnbG1rkMV8Vp6zDtjIcjs0
7866626729	09	https://00.img.avito.st/image/1/1.a1HJGLawx7j_r0W1kzkTKNi4xbh5sc-yfw.1fl2b8Nm2zCG6evIOBJGLLFycQ4S-OgOoo307MfB3B4
2011359367	01	https://00.img.avito.st/image/1/1.dQb_Xbaw2e_J6lvimXRbeO792-9P9NHlSQ.4xjRBDSoUPeEJkpzozuS-eOAmfR50S2SuvpjnVp8IgY
2011359367	02	https://00.img.avito.st/image/1/1.CYVpHrawpWxfqSdhdyIV-ni-p2zZt61m3w.w93uvRXX_IRueEY4RGBBOl2X0nGwrl1t04oepFG72EQ
2011359367	03	https://00.img.avito.st/image/1/1.D64Nabawo0c73iFKHzVB1BzJoUe9wKtNuw.yLnQ6wIouUgmzxSweR8pv0_vJ7ZNjJWNWQJze7IxgGk
2011359367	04	https://00.img.avito.st/image/1/1.DpFrHLawonhdqyB1eyAS7nq8oHjbtapy3Q._EJDEIHiMEHYI2Pczd6WGZ79L3Izo4MXoWJMgANodkk
2011359367	05	https://00.img.avito.st/image/1/1.TiRAfraw4s12yWDAUHNWXFHe4M3w1-rH9g.83hRrRPtPCkK0Rm9t1y0pcjVj_afzK4ovexL_WOimkw
2011359367	06	https://00.img.avito.st/image/1/1.V01_GLaw-6RJr3mpXV0rNG64-aTPsfOuyQ.tbDVVDDh8X8h72uCl7kKczmVDWP8PPRU-O3c7Sq-4Kk
2011359367	07	https://00.img.avito.st/image/1/1.D6YN2Lawo087byFCH5QF2Rx4oU-9catFuw.YUU8uHDikH1jm50TvXmN-1aFQ5VWeOLB_Onw8qDuuq4
2011359367	08	https://00.img.avito.st/image/1/1.irs7fbawJlINyqRfIwvFwSrdJFKL1C5YjQ.maZF9ip0kS4To8-dU23pzgoYQB3gzGA1-UcnYHS_t9M
2011359367	09	https://00.img.avito.st/image/1/1._l1dfrawUrRrydC5LQWuIkzeULTt11q-6w.R30SAPf9KBrwHnYkw5SdIoWXukfPCp6Qrbkm0HdT-uM
2587646719	01	https://00.img.avito.st/image/1/1.8pZqX7awXn9c6NxyAhTr7nv_XH_a9lZ13A.T91vVrRNFUqL00morI-osArMDfkubGjH3HbIAyMTH5I
2587646719	02	https://00.img.avito.st/image/1/1.iVLYRLawJbvu86e2xlqVKsnkJ7to7S2xbg.cuzVqe1o3lJUiCWudB1s9_ytM4O-FMeft9PSwrZzkQk
2587646719	03	https://00.img.avito.st/image/1/1.4Qx0TbawTeVC-s_oOg76dGXtT-XE5EXvwg.Aq1aPYsi4lcSebpgZpjoQyY6daJVpe3xNoQndKgF85Y
2587646719	04	https://00.img.avito.st/image/1/1.0jdGXrawft5w6fzTbjXNT1f-fN7293bU8A._KUp0i0bb1wiAENF017BPfoA5bl1Oq_Pl3aBL91R4zs
2587646719	05	https://00.img.avito.st/image/1/1._yPHGLawU8rxr9HHtS-5Wda4Ucp3sVvAcQ.APSGClyi7Chim0z452CbeXSBGjA9USWAuRxMLNIbTkw
2587646719	06	https://00.img.avito.st/image/1/1.McjYS7awnSHu_B8stgdUscnrnyFo4pUrbg.61qHmduSZLT59t-zN_YP7yU13UooxFmdsSG9xMBRLAY
2587646719	07	https://00.img.avito.st/image/1/1.OnIZ67awlpsvXBSWYe8KT0JKlJupQp6Rrw.biZAzFt7xCOHGg45vMSXCK291ViQxa_hfyWOaRPOUE0
2587646719	08	https://00.img.avito.st/image/1/1.QQVRaraw7exn3W_hX3NafUDK7-zhw-Xm5w.Sx8-vdG4Wkg-d1G3Lmz1SXbYKNmhwOIPRlqiseR6eMA
2587646719	09	https://00.img.avito.st/image/1/1.qQxQTbawBeVm-ofoDi-wdEHtB-Xg5A3v5g.Th8LulHDlDLxHW4xhLyBuzyF4EoBdwCiI7BjjWEqKnI
2587646719	10	https://00.img.avito.st/image/1/1.EInUtLawvGDiAz5t-JQ1tY8VvmBkHbRqYg.0ot1J4yc52FQgI4omQWmFBoEJOJBDbzRjLHzvnA8GNE
8339633184	01	https://00.img.avito.st/image/1/1.5I_3fLawSGbBy8prs3eAuubcSmZH1UBsQQ.JbTXwBfxrwWN8Yj3yFaIGT1KqfJgMWekg1turbzSBsM
8339633184	02	https://00.img.avito.st/image/1/1.TH-9x7aw4JaLcGKbqZoDSaxn4pYNbuicCw.Mw4CyXbQWoM-OORh_gzuD0FIDvkmCFlXqo5zbSTkl4o
8339633184	03	https://00.img.avito.st/image/1/1.aKgwlbawxEEGIkZMbKB_nCE1xkGAPMxLhg.rMpq06QGxPZ9pd-kpMa6op2QNLJ-xOuwbSXuIiUXMDM
8339633184	04	https://00.img.avito.st/image/1/1._H59x7awUJdLcNKaCdiwSGxnUpfNblidyw.fGUT2gQPkO4eK4FpXUnUydBK8ciIba_kS6hEXbeBVuA
8339633184	05	https://00.img.avito.st/image/1/1.BjKd_rawqturSSjWnd47BIxeqNstV6LRKw.QjcwxhGcSOs3JxFQd6DSdG8GI4MwEyLG3VbJiMcW_00
8339633184	06	https://00.img.avito.st/image/1/1.EQc_HLawve4Jqz_jETRtMi68v-6PtbXkiQ.LDPbLQSdQPL63c1_0L6zyzlzpTBqPa09cN0rQMzIyCc
8339633184	07	https://00.img.avito.st/image/1/1.O88T2LawlyYlbxUraaB1-QJ4lSajcZ8spQ.yynr21gAQVrRFDzk9AyZGUmPGygdK3f2N-FcffXkzA4
8339633184	08	https://00.img.avito.st/image/1/1.RWVhTbaw6YxX-muBZ1xMbnDt64zR5OGG1w.AG2HGmhr-STr5bXCMdNqtZ7-9JLeCpineoZHbQLpMx8
2523822569	01	https://00.img.avito.st/image/1/1.JWVY3bawiYxuaguBHs08HUl9i4zodIGG7g.wAiVpXkI6sa6u1IRTHo7o--70zJhHLV0JXZSWx1pGgg
2523822569	02	https://00.img.avito.st/image/1/1.IJzFV7awjHXz4A54iUc55NT3jnV1_oR_cw.LgYjaBg1X_AY6eXq8F2VaD6JAFGNK4Ev5u2cMgFOhu4
2523822569	03	https://00.img.avito.st/image/1/1.SXrYSraw5ZPu_Weexhc3A8nq55No4-2Zbg.gxzRagaoEVxt-gcR6gZv34A9PF-y5wj5dhWpA90FDm0
2523822569	04	https://00.img.avito.st/image/1/1.TlSYfraw4r2uyWCwiBNQK4ne4L0o1-q3Lg.j9gl2vQq3uYJ0KScHMPgfNvigDR0oDc2Ib8VgJ3B0W0
2523822569	05	https://00.img.avito.st/image/1/1.EBzZlrawvPXvIT749Z4RY8g2vvVpP7T_bw.vmB1wSMMaaIimHU94G7Qc6UECPfTb6U2WE2dOA4l8Fo
2523822569	06	https://00.img.avito.st/image/1/1.9w4N8LawW-c7R9nqb-_fcBxQWee9WVPtuw.FATQPCY8Uf-cx844_wJwuQtOQCjksyTbUIzAR3yywhQ
2523822569	07	https://00.img.avito.st/image/1/1.wSLYfLawbcvuy-_G1mPaXcncb8to1WXBbg.hLujV7cPLUEpVhm4urbEAEpaaeQJyNYRKc6jOvxd0kk
2523822569	08	https://00.img.avito.st/image/1/1.lcNITLawOSp--7snbmbauVnsOyr45TEg_g.oO2KBq4nRG59x3sqf96U3A0RlJ7w8RDKAuJkwt2n6BQ
2523822569	09	https://00.img.avito.st/image/1/1.LiQnfrawgs0RyQDAd241XDbegM2X14rHkQ.anSG9mTFSBm_T_7E-2hLw99LWFrStwJ5mfWC0k2Ox6E
2523822569	10	https://00.img.avito.st/image/1/1.qIYFFLawBG8zo4ZiWXr5-RS0Bm-1vQxlsw.xYh4M68vqEKkGzqd63iFPlTXBwQw-uNKRceu-pDVuEw
2267564376	01	https://00.img.avito.st/image/1/1._Bcd1bawUP4rYtLzaariaAx1Uv6tfFj0qw.rdFCvlNVa1Z5t5o35fMhrZ_cj9_OTFmA6tQ7fETP0d0
2267564376	02	https://00.img.avito.st/image/1/1.9c1b67awWSRtXNspPazas0pLWyTrQlEu7Q.UNzPTwBuYLxBa13l6a2AsnzYVT1zzgQy4SH4qih68Lg
2267564376	03	https://00.img.avito.st/image/1/1.jy81GLawI8YDr6HLJ0r6VSS4IcaFsSvMgw.WUylqO6DBnftS_5ugistBfBDo7ZsBZQ3iS4uhZtGSq4
2267564376	04	https://00.img.avito.st/image/1/1.vqRrc7awEk1dxJBAGxnb3XrTEE3b2hpH3Q.g6wFvWo7kRQOIZNyozwHKt8qBv1P2b0_AX4GsoMFO-g
2267564376	05	https://00.img.avito.st/image/1/1.GwBNGrawt-l7rTXkdzIGeFy6ten9s7_j-w.U-wKILsT063ru9uDEnpI5zDE95W4yx5xJtvCmAPaGJg
2267564376	06	https://00.img.avito.st/image/1/1.2JzFCLawdHXzv_Z4-WvK5NSodnV1oXx_cw.raiDJgceaJgsQ8ew2b8XHZBOJleoilR6cCMTNK3zb2E
2267564376	07	https://00.img.avito.st/image/1/1.mJ9pVLawNHZf47Z7VX7k5nj0NnbZ_Tx83w.jgEP-Au9T9vn4AI9pgWZ9V__UgSAAuhZa0rpVJh5pFY
2235349360	01	https://00.img.avito.st/image/1/1.eYVpc7aw1WxfxFdhFyZj-njT12zZ2t1m3w.UmbDQ4A6dWs-TWjDulUWAZ4n-8Ak_OSW-K2dYFRN3Uk
2235349360	02	https://00.img.avito.st/image/1/1.lNER1LawODgnY7o1NaaGqQB0OjihfTAypw.hrSJnu3T8VYox786gC-6RuCo7V0v31-8WZ2c1hyRqjI
2235349360	03	https://00.img.avito.st/image/1/1.b1DlGLaww7nTr0G0tzlGLvS4wblVscuzUw.dyIBTKLrIxeyRV3v4LZjlGHSKsCyww_QJ62-ml1kjH8
2235349360	04	https://00.img.avito.st/image/1/1.WjEijraw9tgUOXTVGtN3TzMu9NiSJ_7SlA.C9wFWyxHjBozbkZsta_MA875VCR_PmEeKSUlX7lFFac
2235349360	05	https://00.img.avito.st/image/1/1.Tjtefraw4tJoyWDfTgsuQk_e4NLu1-rY6A.GDK4ag7Gr6mqpYYTc7KpkEyN3V3TRAq3LavZ9kyunsU
2235349360	06	https://00.img.avito.st/image/1/1.gBzP6bawLPX5Xq74w5POZt5JLvV_QCT_eQ.JvYsdZ8YDBvgAoCxoUvlGiT9TDgGJA5wvHd_noMXlHM
2235349360	07	https://00.img.avito.st/image/1/1.0T9xTbawfdZH-v_bXyb6QWDtf9bB5HXcxw.Cmj_VMa1na1b39ugCkicCD6Vca6E2JMqepUSsPh1s7E
2235349360	08	https://00.img.avito.st/image/1/1.xy5lGLawa8dTr-nKZ2u3VHS4acfVsWPN0w.7oVYb4JKZCedHT64VmAGnS24860fLERg8qGKMIhyD6c
2235349360	09	https://00.img.avito.st/image/1/1.A1wpOLawr7Ufjy24IxwDIziYrbWZkae_nw._lhzniLwDftsMF3rQyVx3p0E3ZXRezsWRF8xFkquKzc
3707427033	01	https://00.img.avito.st/image/1/1.cjdEPraw3t5yiVzTLE9sT1We3N70l9bU8g.QHAShZfsX3YgqcQ2jC4dWOyYbPwEFUoYU5I6xiR5tHw
3707427033	02	https://00.img.avito.st/image/1/1.XmOJt7aw8oq_AHCHubJBRNIW8Io5HvqAPw.cMudSuBzlOp161CG4ofOZSz6-2z1amxmZpalSYc2AbA
3707427033	03	https://00.img.avito.st/image/1/1.pOcTGLawCA4lr4oDV2rarzS4Cg6jsQAEpQ.STsCJIpORj4ADsGJflr3-osqla0MCyupEht5ykZc5U8
3707427033	04	https://00.img.avito.st/image/1/1.x025GLawa6SPr-mpu1O4NKi4aaQJsWOuDw.42G-_AFNBFVmtzcBSr8W4nzPWtgbzp3SM1LqPhnMJEw
3707427033	05	https://00.img.avito.st/image/1/1.0Q3cTbawfeTq-v_p8k7Qdc3tf-Rs5HXuag.3AgzixNzlOt7hYGF0pdqtMRRoAkxZa5frX7IWQ5749Q
3707427033	06	https://00.img.avito.st/image/1/1.U8_tFraw_ybboX0rx0t9sfy2_SZdv_csWw.A86XQ4ee_Sl0EbxuQyQtMMoYZNxdZ8qkf2_TpU7LmzI
3707427033	07	https://00.img.avito.st/image/1/1.vW1bT7awEYRt-JOJLVm2EkrvE4Tr5hmO7Q.Ec1i_20spueq5Us6i8FVC6RYf4lf8XYkc40KVe6ruKc
3707427033	08	https://00.img.avito.st/image/1/1.pj_TzbawCtbleojbk4_idvRtCNZjZALcZQ.ypSE-e0TUt1wrOLPDiBclzuDbSEcOsTzq30l4nq1Sk8
3707427033	09	https://00.img.avito.st/image/1/1.JY1YI7awiWRulAtpHkdC9EmDi2ToioFu7g.EZCooKTRr859wbhnG-Id7_JAwE2wsNsTYRwjWXMirmI
7418553884	01	https://00.img.avito.st/image/1/1.cjEh3raw3tgXaVzVSddeTzB-3NiRd9bSlw.RyRUfyyLX4-t4qU_bBZey5Z_IFWCDhn8VXX1TfNM58E
7418553884	02	https://00.img.avito.st/image/1/1.CrZrrrawpl9dGSRSc65rz3oOpF_bB65V3Q.7C_0_0KHgT9IEKUb4aDAlKITwsrFI3-kMRKGEUNXFvc
7418553884	03	https://00.img.avito.st/image/1/1.Ll35frawgrTPyQC5qRZ7IujegLRJ14q-Tw.5Ft1GexRFfK2lU62CkTD8fx3hIlgrkN7spyXb6NsGXw
7418553884	04	https://00.img.avito.st/image/1/1.kOQB2rawPA03bb4ALfTWnhB6Pg2xczQHtw.jtDnF4iaUD_Q52Bduo01QxvTRINbVdCK7N9DNGa8z10
7418553884	05	https://00.img.avito.st/image/1/1.O16ZWLawl7ev7xW643AXIIj4lbcp8Z-9Lw.BoqW4Ie34449XKJhrwcPDC-QsGM2ddwi-t7l4cajJso
7418553884	06	https://00.img.avito.st/image/1/1.cJhF1Law3HFzY158KbVp4FR03nH1fdR78w.n34yEFTmUqsWqHyxyULFdOF73Q77K5xWLXZP4XvM88U
7418553884	07	https://00.img.avito.st/image/1/1.EQVe7rawvexoWT_hcNZyfE9Ov-zuR7Xm6A.rwo595vmNzocP_8AVG_Uga_jHZ5s1fA_L8ktJr4Ptt0
7418553884	08	https://00.img.avito.st/image/1/1.BQZNZbawqe970iviS1EZeVzFq-_9zKHl-w.jqTVaAbtfYnPgKivfxWI3vSO7O3cw8QhLFS7U5ipfFE
7418553884	09	https://00.img.avito.st/image/1/1.xlejfrawar6Vyeizo33BKLLeaL4T12K0FQ.vUeMfVY7kJGJxdKHHu25ovbg5OOHihotgtjXz_k_a3I
7418553884	10	https://00.img.avito.st/image/1/1.HH1h1LawsJRXYzKZVdRWB3B0spTRfbie1w.rTJtM-yPTuY4iBMtsMfkZCFkM0t1uFyB-GJUYJysBto
3899317926	01	https://00.img.avito.st/image/1/1.zQZSnbawYe9kKuPiRNbOeUM9Y-_iNGnl5A.cto1TRSopRRPLOh_9p2qjlOR8YRmyXvn-vczY3-vWh8
3899317926	02	https://00.img.avito.st/image/1/1.mjBznrawNtlFKbTUS4SfT2I-NNnDNz7TxQ.szSbCtuO_3FwvFrB-zDKpJoWU8bUOVjVZ-ruH8PnCM0
3899317926	03	https://00.img.avito.st/image/1/1.iicLeLawJs49z6TDEwKLWBrYJM670S7EvQ.XtFWgbUew6VP0KS02hAyGYDpQfcFDSfIM4L2aPnL6fk
3899317926	04	https://00.img.avito.st/image/1/1.N5XHGLawm3zxrxlxpSwp6ta4mXx3sZN2cQ.Pai5IUmWvUpbVZxm9qQk9i4WqjlsJy27oT5E7aDxPEE
3899317926	05	https://00.img.avito.st/image/1/1.C5AMsbawp3k6BiV0Fqlo6R0RpXm8GK9zug.7uW6iM_EOptLbroYegVc2x1QrpSUrOf3MyvZ7yW2yJ8
3899317926	06	https://00.img.avito.st/image/1/1.oygtGrawD8EbrY3MZzy0UDy6DcGdswfLmw.5ousOn-7yFgJDcKozwqTpuoeZ42bnrW_Eu-bKS6H8Fg
3899317926	07	https://00.img.avito.st/image/1/1.VV0ATraw-bQ2-Xu5JkMEIhHu-7Sw5_G-tg.eeVAtvoIaXvUrk-711KjaGw_R9MfznFKo6bhzJwmOtY
3899317926	08	https://00.img.avito.st/image/1/1.5JwjoLawSHUVF8p4Z_ep5jIASnWTCUB_lQ.wsY3SJO7mLXjbC5mDD7K-0z9FVbdBvm-Oii5ToKpXBI
3899317926	09	https://00.img.avito.st/image/1/1.Vl16fraw-rRMyXi5WhsHImve-LTK1_K-zA.kFWU8fokUahP1lw5Wo_aqgXQf9jQfvaTrez5UWc3dtY
3002797894	01	https://00.img.avito.st/image/1/1.jiWofrawIsyeyaDBuFCZXbneIMwY1yrGHg.XpFdWCLOg79U6cziSMJKWRwQ_M4stvetwnb_UC9zXVQ
3002797894	02	https://00.img.avito.st/image/1/1.YqnLfbawzkD9ykxNgzQk09rdzEB71MZKfQ.eUziCAkOIPaAhHwE7eE1-fMmFSKCvt8CRMhPpjR6uYY
3002797894	03	https://00.img.avito.st/image/1/1.VZ9wTbaw-XZG-nt7VnhG52Ht-3bA5PF8xg.wNEFf1uK1vXmtVi6BbWnXjapSx7XPbAPrb8IkILcJ1I
3002797894	04	https://00.img.avito.st/image/1/1.QJzFI7aw7HXzlG54yXJX5NSD7nV1iuR_cw.oZWkXTwHlL6PHbe4l01z1sAuitnWKqDmox3z8b4f9-0
3002797894	05	https://00.img.avito.st/image/1/1.a16fOLawx7epj0W6xV1GII6Yxbcvkc-9KQ.-tx588niBwHyywvPWEvB9EmGc17RUnbnYJ1GaZOrtdU
3002797894	06	https://00.img.avito.st/image/1/1.hyQN8bawK807RqnAD7urWhxRKc29WCPHuw._cObIKHvuLEuAHX5bqfYA40-Z98mmNkAsS8UnGuT_Ow
3002797894	07	https://00.img.avito.st/image/1/1.83ABSLawX5k3_92Ua2_uDxDoXZmx4VeTtw.NQg_18SS6aQboQ58ANutGO9hFOACM78kC80Efg39iKE
3002797894	08	https://00.img.avito.st/image/1/1.tQZOjbawGe94OpviKM-qeV8tG-_-JBHl-A.DJEpfzmrawG2V5qJYvxR_JTXllukxXolFO4ekzfCG1Q
3002797894	09	https://00.img.avito.st/image/1/1.j3UhGLawI5wXr6GRM2KSDTC4IZyRsSuWlw.yfQwAmvIQGIOHCaG2PvtnA-h7Ifn1zMRhbnqdrkA4Mo
3002797894	10	https://00.img.avito.st/image/1/1.oIJB2rawDGt3bY5mDZDq-FB6DmvxcwRh9w.dz9Ebr_Y529zWUvi7FaijzxruSzO9M82hkB7QDm4xRk
2491091311	01	https://00.img.avito.st/image/1/1.4jDRfrawTtnnyczUmV22T8DeTNlh10bTZw.E-NrRcV-9D_4qJcBAuDN1u_Dz10Gm_D_T8Rq3q7P1lY
2491091311	02	https://00.img.avito.st/image/1/1.eBzCqraw1PX0HVb4vuMeZdMK1vVyA9z_dA.-CrxLKRv-2BiQfMaEmxkPdehgkhKvBT9ItM-PO6TJpI
2491091311	03	https://00.img.avito.st/image/1/1.zjZ4DrawYt9OueDSaG3cTmmuYN_Ip2rVzg._f41oxQPI5pvafieTJQMWae-f1nQxTjWExEpIkEGC0o
2491091311	04	https://00.img.avito.st/image/1/1.9lhrFbawWrFdoti8Cw6kJ3q1WLHbvFK73Q.F4a7Ru4mdrTJB0F3DJ9UAqYmBj1wk7DpIMmJyrRNvLQ
2491091311	05	https://00.img.avito.st/image/1/1.TQdwTraw4e5G-WPjZntGeGHu4-7A5-nkxg.iXsVhRc9BPme1_YA8OH1s1XSA8vznRxEfgnjqowmbgA
2491091311	06	https://00.img.avito.st/image/1/1.GWTYd7awtY3uwDeA5ls2GsnXt41o3r2Hbg.w5DuTW3bG8fxiFdH5ww50bWESXk2pXNK-OCVxV9AAFE
2491091311	07	https://00.img.avito.st/image/1/1.pH5x1LawCJdHY4qaNcboBGB0CpfBfQCdxw.GNwSuVxnpI3dsg0AShks_jrZf4EVXiD9G26Vi-825PE
2491091311	08	https://00.img.avito.st/image/1/1.ZBg51bawyPEPYkr8fYxkZyh1yvGJfMD7jw.S9QsMm-4GWzbaccTH-RBa_L1M3xCwSLKrGEEpAI_QaU
2491091311	09	https://00.img.avito.st/image/1/1.IxAPULawj_k55w30RXg4aB7wjfm_-YfzuQ.f8Yvt1VdpFUsiZbXA9dMP4_z7NtXrYyo-yzJk7AGz4M
2491091311	10	https://00.img.avito.st/image/1/1.CqZqQLawpk9c9yRCckQc3nvgpE_a6a5F3A.rXUtv21s6WxIMSkT6Cp5_-Tm7MkucbYevXfoJ_OcY_g
7866745113	01	https://00.img.avito.st/image/1/1.DtFrcLawojhdxyA1e0xwqHrQoDjb2aoy3Q.5NeCwZZedlNeM5FVCnwqqJ0YcV-QTMzdMpA1RY9rXk4
7866745113	02	https://00.img.avito.st/image/1/1.HE_V1bawsKbjYjKr4eEzMcR1sqZlfLisYw.PmbqzVijh0qa28nTl362qQ3F0Y-5YdZhH3MQvw5fRKk
7866745113	03	https://00.img.avito.st/image/1/1.XJyK1Law8HW8Y3J4vvVD5Jt08nU6ffh_PA.w5AuwFaRKjqiFmQaygLCUJFup_CElH-ojzIi4AaX5hY
7866745113	04	https://00.img.avito.st/image/1/1.dQZW9baw2e9gQlviMIhyeUdV2-_mXNHl4A.b0l8PyYcY68vERE_zYOA_Sta92KJpqAlj1PZDKv-GHw
7866745113	05	https://00.img.avito.st/image/1/1.CpZsOLawpn9ajyRydDAg6H2YpH_cka512g.KOkpQmDvnLgJYMhrAIdLGD0hkCBVmh1tQ78pfmWZTE0
7866745113	06	https://00.img.avito.st/image/1/1.KLwBybawhFU3fgZYXeUFwhBphlWxYIxftw.m6PUqmE6KZAaDfJ1-XFByjmwxmnwqzPHLg7o2CivSKE
7866745113	07	https://00.img.avito.st/image/1/1.sQxTTbawHeVl-p_oPTeodELtH-Xj5BXv5Q.cIefq7KI0vcbW_JIBryQeCeUBPoR-Z54tBXSJBQpcbI
7866745113	08	https://00.img.avito.st/image/1/1.cjd6Draw3t5MuVzTEnNzT2uu3N7Kp9bUzA.kRHegEiqh75rlaDFTILQbjXe82nSv0dGbQW9EmJGdaQ
7866745113	09	https://00.img.avito.st/image/1/1.L4eBGLawg263rwFj0yB4-JC4gW4xsYtkNw.TMG1zAog2qMlbPMK0aLPtfd5ZjFebR3GT-UNZ4Q-mBQ
4442848136	01	https://00.img.avito.st/image/1/1.UZBydbaw_XlEwn90XHxRrinU_3nC3PVzxA.rT3qTkK-wieWaWCyp9OsNR7svAWFK1Ti-bMr-E9U3zE
4442848136	02	https://00.img.avito.st/image/1/1.b1Aqdraww7kcwUG0eAt7KDvWwbma38uznA.j2jJvTB7elLCDkwkMuNyOEm-enCMOdL17YCdZf_VSCI
4442848136	03	https://00.img.avito.st/image/1/1.ZNId1LawyDsrY0o2Walwqgx0yjutfcAxqw.2PXDWDDDSFSfqzCPQ4o9FFdTKcpXzDQYMwqK76Q4jLc
4442848136	04	https://00.img.avito.st/image/1/1.jjtcfrawItJqyaDfTADuQk3eINLs1yrY6g.1JKrLdDtJKzhKM6A31U0MlscNV32pbS7x9S17IYBQAQ
4442848136	05	https://00.img.avito.st/image/1/1.8NzFNrawXDXzgd44qTHlpNSWXjV1n1Q_cw.t7w_XUPxOivqRP-U-Qj1FCq42-0p90tmCFXu8D9wK-Q
4442848136	06	https://00.img.avito.st/image/1/1.GnK7ebawtpuNzjSWg20xDKrZtJsL0L6RDQ.wAAbHvvIv7UrSDuxWEgEyiIwER--NzXVhAVFkyt-4HM
4442848136	07	https://00.img.avito.st/image/1/1.Kb1YfbawhVRuygdZBh0rwkndh1To1I1e7g.PiYY4hjQua3w7NpzmvYCPHYlVCXwnuQb6fequ22THFQ
4442848136	08	https://00.img.avito.st/image/1/1.Tl1Pfraw4rR5yWC5X08eIl7e4LT_1-q--Q.0Ax_-DQn-hL7UhN0lDktMWgk5kqafQBUhbqP8XrRGgw
4442848136	09	https://00.img.avito.st/image/1/1.eNzP97aw1DX5QFY4s-I1pt5X1jV_Xtw_eQ.W6x9HuskTTnl9WncqXAHBkZagJRAWS-HOL2IUJGQF4w
4442848136	10	https://00.img.avito.st/image/1/1.pBvB1bawCPL3Yor_hfejZNB1CvJxfAD4dw.OTQJ9ldcVEIQNc5CM0RgWRFVa_GyIWEPLwiRTF1W580
1787605473	01	https://00.img.avito.st/image/1/1.HglufrawsuBYyTDtXkpvc3_esODe17rq2A.BhiKhp5j-gE4oS40z9j7TAel1nFo4YkTvWiEDxgmsS8
1787605473	02	https://00.img.avito.st/image/1/1.v6YNArawE087tZFCf0zd3xyiEU-9qxtFuw.iR0yu_C8N4XHfRmv6cZbyH6N5K5Phomq60-M18lLveE
1787605473	03	https://00.img.avito.st/image/1/1.2QVEDbawdexyuvfhei6Uf1Wtd-z0pH3m8g.4LjVypaVhXYkLl29r-x8yOcEgRHVK6986UBPafz6p7I
1787605473	04	https://00.img.avito.st/image/1/1.DAjB4LawoOH3VyLs1dRscdBAouFxSajrdw.Mj3HVM9fpiDmgdGpesXOz7-i0Bhwz2X5I1NM8gHS8Nc
1787605473	05	https://00.img.avito.st/image/1/1.PJ1FJLawkHRzkxJ5MXQ84lSEknT1jZh-8w.__rRxF3sqSZG2aMVXYCeUQoWIneUvEYSO7heGo0XSrM
1787605473	06	https://00.img.avito.st/image/1/1.DJGQprawoHimESJ1hIphrcsHonggD6hyJg.l_BDwAcKics6D4TzAYhZOEu7v52jFSdyLPYGQ-RaPUc
1787605473	07	https://00.img.avito.st/image/1/1.wfRYRLawbR1u8-8QVm_XjEnkbx3o7WUX7g.osZolL_TP1b9J0OV1_fjgvlXMyAuOvcS1MspvYzSA2I
1787605473	08	https://00.img.avito.st/image/1/1.6QVt0bawRexbZsfhM5K5enxxR-zdeE3m2w.tAMO65kt6STO1UatB_XRGQLip5GeR_xU3mqKI3kSE88
1787605473	09	https://00.img.avito.st/image/1/1.P1DPYLawk7n51xG0vTA_L97Akbl_yZuzeQ.ssE8nC7om4wZ-rtPywY790I4jX5wC-M6__-V7PyhzRY
7994046008	01	https://00.img.avito.st/image/1/1.fiFrcraw0shdxVDFGw8XWHrS0Mjb29rC3Q.EeaeE9uvguv9QsxCGkiZK8epD3BUODfZvE9oJ_s6raA
7994046008	02	https://00.img.avito.st/image/1/1.hTVY0LawKdxuZ6vRXuqRTUlwK9zoeSHW7g.fWUuc0nzEArqY59MjIec7yYi_9JtAXSUpUNy6oK9qqA
7994046008	03	https://00.img.avito.st/image/1/1.jKVp1LawIExfY6JBfd723Hh0IkzZfShG3w.XiA8LtHWpi_4pf7IQDFviAE3VNR1IaeYw3BUaoaAp5g
7994046008	04	https://00.img.avito.st/image/1/1.aja6Xrawxt-M6UTS4jcLT6v-xN8K987VDA.JPqzXDo1SB3Iq7aGu60GmgUpfRXSCoKp1xMHAXP4VIA
7994046008	05	https://00.img.avito.st/image/1/1.8YVfC7awXWxpvN9hMRyM_E6rX2zvolVm6Q.7ICX1Xt4vdZqzZyizNLz8xzu2MG0J9Nmo6BlNk5lD3I
7994046008	06	https://00.img.avito.st/image/1/1.DtFrHLawojhdqyA1eyAQrnq8oDjbtaoy3Q.EOqHR4t2j5iycfhMLJZinJfuv9RWt9cM-m__DUCcpsc
7994046008	07	https://00.img.avito.st/image/1/1.ElZrprawvr9dETyyQ553L3oGvL_bD7a13Q.VItjrwXI9reSk2-YdYCY5Hl6EVYNj7AItnRqwbG1EtQ
7994046008	08	https://00.img.avito.st/image/1/1.P1Aq-rawk7kcTRG0WJ4pKDtakbmaU5uznA.YHsApKyznX8ZR39Ohsigazac9xEnwNWhakE8b_jz4Io
7994046008	09	https://00.img.avito.st/image/1/1.iKHB2rawJEj3baZF3ajG29B6JkhxcyxCdw.mNABVFve0grvKcQqk4Ndov-D9Ed4XSVoMPHWwBv1KZk
1787891527	01	https://00.img.avito.st/image/1/1.V0jzGLaw-6HFr3ms0UU9MeK4-aFDsfOrRQ.rnjFSfmBxVTxwMqfuDf4A08oyeL_QoUIdPXQYxHuY1w
1787891527	02	https://00.img.avito.st/image/1/1.n1AvsrawM7kZBbG0HcScKD4SMbmfGzuzmQ.CVgl6XT2TKvjphZDpUUJtNttddPjTonWHmKivbPWPpA
1787891527	03	https://00.img.avito.st/image/1/1.CQVe9bawpexoQifhQJVrfE9Vp-zuXK3m6A.Jty5hQ-ZtW63SudyxKVO46ta-r-b70PgrjpYH5cpjNc
1787891527	04	https://00.img.avito.st/image/1/1.KCFB17awhMh3YAbFHa9WWFB3hsjxfozC9w.YK4l9OZ9_KYrzdqh5CEFloKllxNFjlBClHAmx3XUe2g
1787891527	05	https://00.img.avito.st/image/1/1.IhZqWbawjv9c7gzyIjE4bnv5jP_a8Ib13A.kZy4OQY-9VjJAlcChYbo00QjTEexeWo7AsG5ayWUfKE
1787891527	06	https://00.img.avito.st/image/1/1.uJzOJbawFHX4kpZ4shfP5t-FFnV-jBx_eA._TYJXjM8pcSXqI83XSI0TM39Tpl0R6yDEZNXaAgNYzc
1787891527	07	https://00.img.avito.st/image/1/1.ezAPbbaw19k52lXUdWBvSB7N1dm_xN_TuQ.v9iBpdIBX8ubn44NZelAdpUABWvDv-qNz0HHZSH7MBU
1787891527	08	https://00.img.avito.st/image/1/1.YjPreLawztrdz0zXozlpTPrYzNpb0cbQXQ.bNtqw8WmVEqEVZDZz35ilp3H843cQWhUb-kr8yUfYcM
1787891527	09	https://00.img.avito.st/image/1/1.BQSn_bawqe2RSivgoYVzfrZdq-0XVKHnEQ.a6o89tBofPML2pLsRjaNeTrgOMIqxNsw3SPBWuLD2y0
1787891527	10	https://00.img.avito.st/image/1/1.n1AQwrawM7kmdbG0ItThKQFiMbmgazuzpg.kDvcU5kfD1YpY8Pr3G6xb-NBeaA86z3QiwZBPrsduLU
1787482821	01	https://00.img.avito.st/image/1/1.TBo51baw4PMPYmL-LYxIZSh14vOJfOj5jw.30ZnzGNaPhnyfkWnDY2ucv8ezj3ke8f4S9qK_w9Cs_w
1787482821	02	https://00.img.avito.st/image/1/1.Lf4wTLawgRcG-wMaZlhfhCHsgxeA5Ykdhg.p0cBbgnw-CsHZnfIocmoOXubzInFU3drkPRaK4SFuVs
1787482821	03	https://00.img.avito.st/image/1/1.AISNVLawrG274y5ggTwA-5z0rm09_aRnOw.n68jlWONZKw1oUq2BgajxzrHe2_uZubHyfHFvkErnxk
1787482821	04	https://00.img.avito.st/image/1/1.eqZtfraw1k9byVRCFXtz2Xze1E_d195F2w.qDpSk0RWypyyCCAPqCFTtNUI7JMIP4KwJN4Rjb33_9o
1787482821	05	https://00.img.avito.st/image/1/1.S-BNGbaw5wl7rmUEVzAumVy55Qn9sO8D-w.ZUd5CY7pkfEpjcazJxfB_ocYgUvjQFVqmhSq0R3MCCA
1787482821	06	https://00.img.avito.st/image/1/1.3mlrRrawcoBd8fCNWxmVE3rmcIDb73qK3Q.NaEC20nH6W0a-cmaKErn2iVuCA4MvxIzpuKEDepIpb0
1787482821	07	https://00.img.avito.st/image/1/1.G4iNGbawt2G7rjVstylk8Zy5tWE9sL9rOw.p1O_fQRc-7YRRV_dSdh51o4C0PDHCcKyYDbWqqcjWHE
1787482821	08	https://00.img.avito.st/image/1/1.aIYtlLawxG8bI0ZicfE8-Tw0xm-dPcxlmw.8NSY4SagsQeS-uj5dXPHk0z_aD0CftcyEFy6wzLpWJI
1787482821	09	https://00.img.avito.st/image/1/1.tJyJlLawGHW_I5p47fat5Jg0GnU5PRB_Pw.yfP1HvB9KqgxjLgpFM42L2Tl2Nw99rAH7sii8-ZGtxw
1787482821	10	https://00.img.avito.st/image/1/1.E5AK6bawv3k8Xj10IPFm6htJvXm6QLdzvA.qQKAPuObcIFJG_byBEen0bliEcseiPa9zOn6gj2tyP4
7546747519	01	https://00.img.avito.st/image/1/1.R_wN3baw6xU7amkYD6RYgxx96RW9dOMfuw.9SyH8zpYxSTV0VFWj9vVTmTawovKHKSCK8mMGweq3N8
7546747519	02	https://00.img.avito.st/image/1/1.sjX1zrawHtzDeZzRncD0T-RuHNxFZxbWQw.fYXfHOyDImSLxbn4rWpBhUJ4lnalS8Saad1hTeYDSas
7546747519	03	https://00.img.avito.st/image/1/1.G83NFrawtyT7oTUp9w41s9y2tSR9v78uew.s1OE8_GTTmU5wETfG868EyWHAO2eMYlPaNKjnGC4vR8
7546747519	04	https://00.img.avito.st/image/1/1.lXEQTbawOZgm-ruVNkvoCAHtO5ig5DGSpg.si8ramDtpsAHNnJBppSyMTSHhp4PbLLIgXKbhsmWaHM
7546747519	05	https://00.img.avito.st/image/1/1.KoJ7eLawhmtNzwRmI1x5_WrYhGvL0Y5hzQ.rPx9OLTtADttofiXdLZQUk67orcsnDmKRMIR9jjAYpo
7546747519	06	https://00.img.avito.st/image/1/1.yTXDzbawZdz1eufR3bLJStJtZ9xzZG3WdQ.QAV3M1ktkf_1lrmRgq2EtN5iijBQkcwzXq9h2ytOqdM
7546747519	07	https://00.img.avito.st/image/1/1.gsZqSrawLi9c_awiYlSRvnvqLC_a4yYl3A.lj-h5HBUIht8CeTac8iamxzQpkKUb5_dqSXzbCFHVyA
7546747519	08	https://00.img.avito.st/image/1/1.Rixrc7aw6sVdxGjIazonVXrT6MXb2uLP3Q.uzAJa8X3cPPqtc49b_bc5Zu9sKRdA9OjEteWz-hlGL0
7546747519	09	https://00.img.avito.st/image/1/1.d1Dl7Law27nTW1m0h6VdLvRM2blVRdOzUw.F8L-oMa7gQ-BuSFcnKDTQy-LxJmipq-SJK8etLibiF8
7546747519	10	https://00.img.avito.st/image/1/1.uoZqRrawFm9c8ZRiEkiv_nvmFG_a7x5l3A.Frav0uTVauiP0Ty-KAiZrjQCSaXIzTMoP-7ke1w4eCE
7866189897	01	https://00.img.avito.st/image/1/1.JXVbEbawiZxtpguRHQlwCkqxi5zruIGW7Q.cnWTxRXlD6qXpumh9rd3c-CKMglKxAnKUQSxqoVdNaI
7866189897	02	https://00.img.avito.st/image/1/1.Vf7wTLaw-RfG-3sa1jknhOHs-xdA5fEdRg.xd6Bm9KBC7lPT2TliqtX5S76wGAdvpqGwJtD3Njj0Dk
7866189897	03	https://00.img.avito.st/image/1/1.qIY2VLawBG8A44Ziag7_-Sf0Bm-G_QxlgA.pcfokv0K9g19SxMG_Jr3qluD1DS30fTMbJ7xOtokAhc
7866189897	04	https://00.img.avito.st/image/1/1.N3UzGLawm5wFrxmRUUQqDSK4mZyDsZOWhQ.wRe42R__Bb7ThDLs_mZ7fyK8khYuePZpKVOHOuSGgeU
7866189897	05	https://00.img.avito.st/image/1/1.Fa1bR7awuURt8DtJfTMW0krnu0Tr7rFO7Q.-kfAZzAGhz9MGBChHCqEyQ9fQb6JHIxt3hXNNW4A40E
7866189897	06	https://00.img.avito.st/image/1/1.n1DIYrawM7n-1bG0-jSDL9nCMbl4yzuzfg.QVCIhPWtVBFNgynoePiAM-CQRIHCkLumBDOddf_RS-I
7866189897	07	https://00.img.avito.st/image/1/1.UsE7fbaw_igNynwlEwgguyrd_CiL1PYijQ.0Y2RN2tPcgmxR3XYqNXpz0lvPm9RBrn2ohCKXlzbg_U
7866189897	08	https://00.img.avito.st/image/1/1.PQXD9bawkez1QhPhtYkvfdJVk-xzXJnmdQ.vY8m-ordB-7XYIq1Nkky_n6-FuQeBJyPiYbl2D3qNlM
7866189897	09	https://00.img.avito.st/image/1/1.EFzP0LawvLX5Zz6447xZJt5wvrV_ebS_eQ.1twYo4yPcBz4Of9ZdIktcmmXqLsT1I3bRKMBedZxubQ
7386072127	01	https://00.img.avito.st/image/1/1.sTWwzbawHdyGep_R3qu2SqFtH9wAZBXWBg.UDidy6YOOWeOKmlHa_LN28lqrRr5pR94Ow5w9U8mx_Y
7386072127	02	https://00.img.avito.st/image/1/1.w_INGbawbxs7ru0WB3qiixy5bRu9sGcRuw.REnVM84okvRVbCZ-fKmtL3OQdwDyM8Ndhk1YQ3eieVs
7386072127	03	https://00.img.avito.st/image/1/1.PjZTB7awkt9lsBDSI0N0TEKnkN_jrprV5Q.9ZG0cJ4HKOVfV7zPtW0D4Tdk2XY6tG8Yj9JlMu9v5mU
7386072127	04	https://00.img.avito.st/image/1/1.7iE_D7awQsgJuMDFb3DvH2SuQMiPpkrCiQ.FoCnk3GYGzvmfDnSFEwJt6IPhAetiiHavmiX5_Tgnvk
7386072127	05	https://00.img.avito.st/image/1/1.4S--Z7awTcaI0M_L8HTGE-XGT8YOzkXMCA._HOkFkTDZxXy6ecSfNaUEdmATjoZd3BgmlMXDjRCOXE
7386072127	06	https://00.img.avito.st/image/1/1.kAWB0LawPOy3Z77hreaKfZBwPuwxeTTmNw.ek-EzkNr297g4NtkqN-y26_T8zRS8lXE7pEEceA7FNU
7386072127	07	https://00.img.avito.st/image/1/1.jy-RGLawI8anr6HLgwL4VYC4IcYhsSvMJw.15DH-AcQsxGs3fZklWQaN7UsV6jqcQBcvfRZs5hVHVw
7386072127	08	https://00.img.avito.st/image/1/1.SizLeLaw5sX9z2TI03FOU9rY5MV70e7PfQ.l_1KUD8USNuiQ8RU-__b9idPeucFEUtHWxvXPdLst60
7386072127	09	https://00.img.avito.st/image/1/1.a1wrGLawx7Udr0W4cXlrIzq4xbWbsc-_nQ.J-gVjNBxqU-PP8e5gjEc_st306YCeqbbHSyGcO3B_wU
2427669623	01	https://00.img.avito.st/image/1/1.QQVEGraw7exyrW_hSgMNf1W67-z0s-Xm8g.8jZESWzbCXMnNLzt7U0SMSVMLRjSe7XMXYvXN-4fjRU
2427669623	02	https://00.img.avito.st/image/1/1.3mFrFbawcohdovCFW2qNHnq1cIjbvHqC3Q.cUOT8i4daDlciktFIfo_2QW_Njwt1WMPbxtkFx-cyZ4
2427669623	03	https://00.img.avito.st/image/1/1.8YVe07awXWxoZN9hMISR_E9zX2zuelVm6A.xFCT4VwYH9JqIaTeTXWdacpOX-h-R9InGSx7nlyZa68
2427669623	04	https://00.img.avito.st/image/1/1.guZtVbawLg9b4qwCZQOemXz1LA_d_CYF2w.sS3HAtPfpEoEuELL352otbTOO6QUWmNjTA3uIHa2tOc
2427669623	05	https://00.img.avito.st/image/1/1.EFzPxrawvLX5cT6448pbJt5mvrV_b7S_eQ.7h-FyyteGAfFTS_6ydQ3iQwgjhC_SsRzAav3osHpsYw
2427669623	06	https://00.img.avito.st/image/1/1.o9eHkrawDz6xJY0zzcCL69wzDT43Owc0MQ.XPYjA5KFX_PQxsoJDRFJ3n7qtJf_gchhv0i-EFITySw
2427669623	07	https://00.img.avito.st/image/1/1.hX1ZtbawKZRvAquZX6v0B0gVK5TpHCGe7w.ePlblCPFCE-yKLqP9L9LEZ91FONJvd_KtHuzWe7weAk
2427669623	08	https://00.img.avito.st/image/1/1.K0BtH7awh6lbqAWkNzNmOny_handto-j2w.SiOJ8VHTcpdiC9MZIddEmeZePQz3sS9Ct58p-sTJOno
2427669623	09	https://00.img.avito.st/image/1/1.AjdDfrawrt51ySzTS14fT1LerN7z16bU9Q.5jkjA09boV-_2L5Uhk3-sK2S5qFtNozZrp2dQQtw5MI
2427669623	10	https://00.img.avito.st/image/1/1.o03NH7awD6T7qI2phwXtN9y_DaR9tgeuew.0BK-6NhDNHkGeQh6NiOxKgldqKY5soOIfT9038mO6Ac
8282590544	01	https://00.img.avito.st/image/1/1._kPMdbawUqr6wtCnvEraDdzVUKp83Fqgeg.648okMQ0Ppk4VF2jG4pt1IHFvTM7HZE8r9Y_3Q2jBoY
8282590544	02	https://00.img.avito.st/image/1/1.YPLDCbawzBv1vk4Wj0hEvNOpzhtzoMQRdQ.zQAmiTzVIbgfIwAjxfxiOw1Wg7yb-4aP7uLz9VEywI4
8282590544	03	https://00.img.avito.st/image/1/1.QF4fYraw7Lcp1W66Ey8fEA_C7revy-S9qQ.gA8IrbTVHEOjsd4C40zQ-XutIt0M4MJnkNJt6-CmpHQ
8282590544	04	https://00.img.avito.st/image/1/1.YWpd_bawzYNrSk-OE6RuJU1dz4PtVMWJ6w.zgUCocYAiN_p-Rja5ClQFduH3VL8tvIAMqCDQafZeng
8282590544	05	https://00.img.avito.st/image/1/1.moL7HrawNmvNqbRmwyTbz-u-NGtLtz5hTQ.FzsoXVWpz4LTZiv475ZjwKdwmXgm-fms9jptnBP_wJA
8282590544	06	https://00.img.avito.st/image/1/1.TO5J-baw4Ad_TmIKXdAgollZ4gf5UOgN_w.Bxh4SDW6jF08g18X3qvu9TYzf5pbosS9uW6OCPbvvoc
8282590544	07	https://00.img.avito.st/image/1/1.G8uMc7awtyK6xDUvtiN0h5zTtSI82r8oOg.M8QOs8F0Cb92xJ3N5SvZjwtRY-6nslyaoz6LjuTcGpk
8282590544	08	https://00.img.avito.st/image/1/1._U6wF7awUaeGoNOqxkC_A6C3U6cAvlmtBg.2r4r83pO7sfdzNMoXkC7KVVbTBHU5Yb9j7Tmro8XyDs
3962690472	01	https://00.img.avito.st/image/1/1.qTWTzbawBdyleofRzbOsSoJtB9wjZA3WJQ.jf9MckXbELe4HM16Ve9wCa0lDZTH4_wrKHkh76mfooU
3962690472	02	https://00.img.avito.st/image/1/1.kEEB27awPKg3bL6lLaXiOxB7PqixcjSitw.lqhcDvVRkn5ZoPXopaR3IewMUMp8LuridOWyBijlajw
3962690472	03	https://00.img.avito.st/image/1/1.OQI3zbawlesBehfmSZFGeyZtl-uHZJ3hgQ.nZuKcblqTiGGEF-xLKJRdRIkzQNVjOCk6037PvdlOBg
3962690472	04	https://00.img.avito.st/image/1/1.0jaG_rawft-wSfzSrr2tT5defN82V3bVMA.FK247yY_-jmQiJQtsiDseaNbSmCVlvHzxTYzT2E1clY
3962690472	05	https://00.img.avito.st/image/1/1.GkS-Orawtq2IjTSghi4qeeWbtK0Ok76nCA.l6F6mtLDaP9gvGU5U5lxWqLyQcA8hwHOme5ClwDUlTk
3962690472	06	https://00.img.avito.st/image/1/1.qTWwzbawBdyGeofR7quuSqFtB9wAZA3WBg.YMRyT09u1ufauzprqiDfIJUT6_b3xK-oZLmO3uGAAbM
3962690472	07	https://00.img.avito.st/image/1/1.ajaHXrawxt-x6UTS33cVT5b-xN83987VMQ.wgfb7jCU2DaMyz1uC4RZbwSEebFiiujfmw-UYcBrx3U
3962690472	08	https://00.img.avito.st/image/1/1.nQZTvbawMe9lCrPiZeefeUIdM-_jFDnl5Q.tBk9L9c62Dqy2EDWg_DlnmYxPRy4V8RHza841CFIE08
3962690472	09	https://00.img.avito.st/image/1/1.1J0THLaweHQlq_p5N3f44wK8enSjtXB-pQ.wwgiEHvq-zEWoynZz-W5-lX3Lg6brZnSXNFJvtTSAUg
3962690472	10	https://00.img.avito.st/image/1/1.V5BNGLaw-3l7r3l0bzlf71y4-Xn9sfNz-w.CriTe-6r_jbMklTV4TYmYDom00U8MoFfTeDLyKcG3RY
4826624417	01	https://00.img.avito.st/image/1/1.HiS-frawss2IyTDAjgoBXK_esM0O17rHCA.0TL-ozqpOQ-MHil_hrQnYqTSVjnA-XdPhL173dMQPz4
4826624417	02	https://00.img.avito.st/image/1/1.51AWorawS7kgFcm0VPWAKQcCSbmmC0OzoA.eQeLHbPp_dtTkyADnejCv3feNFF9m1TYe2PrJvoVFsA
4826624417	03	https://00.img.avito.st/image/1/1.yja6HrawZt-MqeTSomWrT6u-ZN8Kt27VDA.ejrY_HwUB4JFeqVHI5L2Hq2RJGQeyvYzU8hAttfv4P4
4826624417	04	https://00.img.avito.st/image/1/1.3vRrc7awch1dxPAQW1i5jXrTcB3b2noX3Q.dhqOjI82IpOGy32yTNHlyBxxz2BCiv5M-gUscO-NM8I
4826624417	05	https://00.img.avito.st/image/1/1.Oja8Hrawlt-KqRTSxGZYT62-lN8Mt57VCg.nTlXKDoOFQCdJxBMSmYDyJO1m_PohS9hjiK0Itm7gnU
4826624417	06	https://00.img.avito.st/image/1/1.8BzP_7awXPX5SN74o-S8Zt5fXvV_VlT_eQ.gHMntaMTGAmr7cNhhVp9DowIqmA-rCbmHE8G_EmNZIk
4826624417	07	https://00.img.avito.st/image/1/1.njZmF7awMt9QoLDSVhH8T3e3MN_WvjrV0A.ikEbYs9J7SHSuBBmzLmmOTIprRIgAnySe8kvBba-FGA
4826624417	08	https://00.img.avito.st/image/1/1.zJyPwLawYHW5d-J4m_fZ5J5gYnU_aWh_OQ.KlQay5ZEm3xmg_Udoa-sOZsfve02I_QMxHeZ-wcQM3g
4826624417	09	https://00.img.avito.st/image/1/1.pVxITrawCbV--Yu4DmT1I1nuC7X45wG__g.XmR5Gn0WFk9oG-Fc4xvk_CtoVdwXJXOjfH6JkRIvjA8
2939083713	01	https://00.img.avito.st/image/1/1.9HjB4LawWJH3V9qcpaeUAdBAWpFxSVCbdw.mQ8Lsjbee1ZYAoJLhYHaw5kI-pvGkeoB0p-V4HwIKdM
2939083713	02	https://00.img.avito.st/image/1/1.djZlybaw2t9TfljSBbQKT3Rp2N_VYNLV0w.P6mYCKdVNsXsOfwWhC1HMlJPdDuFUViUywEHQLK1_p8
2939083713	03	https://00.img.avito.st/image/1/1.9BTB7rawWP33WdrwpcWIbdBOWv1xR1D3dw.osCOZW0ngY_Vt5jzwlwFYFdsICBZ6VrhqbVOVwWVmBM
2939083713	04	https://00.img.avito.st/image/1/1.yRlLzbawZfB9euf9VfKBY1ptZ_D7ZG36_Q.Gz1PeCyM_MLUpuerjhfcFxwd8dxL2ePK4Dugg1uhkro
2939083713	05	https://00.img.avito.st/image/1/1.zJ0SsLawYHQkB-J5Bvfj4wMQYnSiGWh-pA.2unqaN-3YYROf73iQdM6VKE52K23GXys_a_MwQmyCX0
2939083713	06	https://00.img.avito.st/image/1/1.aT85zbawxdYPekfbZ-BGQShtx9aJZM3cjw.zrpwEfoaVtdQgX8m2SKZo4WmNBIOxb9XJcolhR6MrAs
2939083713	07	https://00.img.avito.st/image/1/1._lScfrawUr2qydCw7AHgK43eUL0s11q3Kg.iqB48S7HsA30hyYbKYmBU1VqTBLQptXyyFdcty0GVP8
2939083713	08	https://00.img.avito.st/image/1/1.V5OjGLaw-3qVr3l3gWVQ7LK4-XoTsfNwFQ._dwcyNNtSl5cQ7_ivUzX9LNqaZ5hhBndfh5cYbNzU2k
2939083713	09	https://00.img.avito.st/image/1/1.ajXoXrawxtze6UTRsDciT_n-xNxY987WXg.OpSJ7ADu3hcVMnFi-Y0lZGkIq2C0ZmkD7uOauTZERmI
2939083713	10	https://00.img.avito.st/image/1/1.EBzbE7awvPXtpD7490tBY8qzvvVrurT_bQ.ugXvdho8nnpgYc2cBIIeEc66fxVR7o0kWbyDDUhIRho
7834871234	01	https://00.img.avito.st/image/1/1.sQwRTbawHeUn-p_ofyesdADtH-Wh5BXvpw.22rO3GNUAp9kNiEnIqRbgIDdOB1GwQfaV-RavndKX90
7834871234	02	https://00.img.avito.st/image/1/1.XJwgBLaw8HUWs3J4FHUW5jGk8nWQrfh_lg.oplFnHMIvWzMnVGr9xskqGLO4g5RpkFMXEjCROaVRt0
7834871234	03	https://00.img.avito.st/image/1/1.B1AqOLawq7kcjym0KFgSKDuYqbmakaOznA.6-CYJ5jiYlE2tuWzb6rQa4F2D4V1P9zc715OFA30bW8
7834871234	04	https://00.img.avito.st/image/1/1.TNId1Law4DsrY2I2CalYqgx04jutfegxqw.Zhkvq5CnuTXmtotVnJEwDB4HdVNDJnRgqqldylsl61Y
7834871234	05	https://00.img.avito.st/image/1/1.dJwi6Law2HUUX1p4RvU75jNI2nWSQdB_lA.5dQptYCvR303DReIIsVDp6mO1kg4Q1C8QnOmjkLxBSQ
7834871234	06	https://00.img.avito.st/image/1/1.AjBEnrawrtlyKSzUTMYcT1U-rNn0N6bT8g.f7REnCOkK3OAS6lrlTkyMAThjJKQzKTAMVKIcpnpHCI
7834871234	07	https://00.img.avito.st/image/1/1.ZyDdGLawy8nrr0nEnxktWsy4ycltscPDaw.GjI-LgJZZA53OwxQmI7mxqTqs2Cc9zEbKldrPO-_L3U
7834871234	08	https://00.img.avito.st/image/1/1.Kn2bebawhpStzgSZwyUGA4rZhJQr0I6eLQ.cAgEsr3cnwGjnRO4_0Pvl93bLeN8jVzdK6BtdHTdE1o
7834871234	09	https://00.img.avito.st/image/1/1.gBzCgLawLPX0N674zurjZdMgLvVyKST_dA.j46-VudknnA0B88zdsbCPhzeGC-UCRxpge1hFWNQXrA
7834871234	10	https://00.img.avito.st/image/1/1.aTDZzbawxdnvekfUh-A4T8htx9lpZM3Tbw.jImKvEwV_dnRuMzIt0KoLk8PjFhXg5ZECUEHOjoqTaQ
2299755417	01	https://00.img.avito.st/image/1/1.eQVo07aw1exeZFfhFoJ5enlz1-zYet3m3g.m2pHjhXUyjVzfH272EmjXBkK73dkKHEhsZlx157pkKw
2299755417	02	https://00.img.avito.st/image/1/1.pDBZ1bawCNlvYorUHe_0T0h1CtnpfADT7w.ahFUR9vHrqrh_gxqiJko2PUhX77sI3nVF0ixPJIiK9I
2299755417	03	https://00.img.avito.st/image/1/1.VH_l1Law-JbTY3qbwdEbBfR0-pZVffCcUw.QtcAmWcc_wNtgLOVVsPKUJFUpki_2Em_QdyPovOMGGM
2299755417	04	https://00.img.avito.st/image/1/1.Di9rH7awosZdqCDLe1sPUHq_oMbbtqrM3Q.QWkYMV5aP8gfmbY939RX_-Jy3qhgSV-3A-S6CfPPXk4
2299755417	05	https://00.img.avito.st/image/1/1.fpBrRraw0nld8VB0G38y6nrm0Hnb79pz3Q.BOUOZgVmvSew6oanWrqZRwu0tCKMWRAmHi5jlFkdbxc
2299755417	06	https://00.img.avito.st/image/1/1.3JjB77awcHH3WPJ89cij4dBPcnFxRnh7dw.GRMtW8-58f7oscTCQyC8QzioozO9y1b6yrlY30RUAAc
2299755417	07	https://00.img.avito.st/image/1/1.jIKQhbawIGumMqJmhPe5v8skImsgLChhJg.qkAJt3LUmNypdTBr0P4MQDRPluB5t1tpXW7bxmMBRxw
2299755417	08	https://00.img.avito.st/image/1/1.hGTAU7awKI325KqAxAmCG9HzKo1w-iCHdg.518NKFmtWyn9mN7f7_bgUqPDVPwSM4gbIxlWi2pBVB0
2299755417	09	https://00.img.avito.st/image/1/1.gFzFKbawLLXznq64yVeWJNSJLrV1gCS_cw.gNphnjdFhj_IbTWlEyw_V-ztG2J8CFjzxM11m79I0vc
2299755417	10	https://00.img.avito.st/image/1/1.jHwh1LawIJUXY6KYNZbEBjB0IpWRfSiflw.-bkML5XkHlnr7wyslRVT_C73df3Oze2BlbS3EwQyC1c
2267039309	01	https://00.img.avito.st/image/1/1.bJz1nLawwHXDK0J4ofUN5eQ8wnVFNch_Qw.3Tf_-5wcMwDKEjyZdTwEK7KMtGFGvcd9jHG_1xyAwA4
2267039309	02	https://00.img.avito.st/image/1/1.PQZQtbawke9mAhPiJuk8eUEVk-_gHJnl5g.3WEg36NIVFeD6cuYVzDxPeh2nxUb--0o3sPvhH18GOw
2267039309	03	https://00.img.avito.st/image/1/1.QqZqQbaw7k9c9mxCYgRU3nvh7E_a6OZF3A.yULLpuovpCz21X8tcjJuEWWmMowNH7Nq-3a0ZufJJvM
2267039309	04	https://00.img.avito.st/image/1/1.T3QhGLaw450Xr2GQM2FWDDC44Z2RseuXlw.BGBGP6yeoNWAEcXWZrHvNnKwmcvLbMyqoI3_aHnUtUk
2267039309	05	https://00.img.avito.st/image/1/1.uNzZnrawFDXvKZY4pZi4o8g-FjVpNxw_bw.fkPRNN-r2iB5dfONIoT0NX8WuoDmcr1nN6NkdHrYEPc
2267039309	06	https://00.img.avito.st/image/1/1.HQiYTrawseGu-TPsrg4Zd4nus-Eo57nrLg.UmmbHHF9TF-Xao3F7sUx95SB3xPUJj0TJ4Wp9igjrrA
2267039309	07	https://00.img.avito.st/image/1/1.81APZLawX7k50920ZUflKB7EXbm_zVezuQ.dEq4yrwNoFbTH0fb7A-_ylPpiJ2qb2d1ZFfyAGifKw4
3547136092	01	https://00.img.avito.st/image/1/1.1J1FlLaweHRzI_p5YffV4lQ0enT1PXB-8w.Eqgmekb9ob2enHo2i7rJacnd8SLlxvwMUVNc_uALCVU
3547136092	02	https://00.img.avito.st/image/1/1.FxQN8bawu_07RjnwL9k7ahxRuf29WLP3uw.mQ5F3YTLOdn1bPg7S1q-cCjKsAsWGp6MichLRnKPWhc
3547136092	03	https://00.img.avito.st/image/1/1.8YVtiLawXWxbP99hA4ek-nwoX2zdIVVm2w.aoIT8ffV9lSwNsqDSpNToa-1GyPOnIR1Sdmj2n7gEqk
3547136092	04	https://00.img.avito.st/image/1/1.CYVo5LawpWxeUydhdogK-nlEp2zYTa1m3g.un-faCcv4z40LH3V5bAFNBPhz81Q-cv_v9AKb8Ole9M
3547136092	05	https://00.img.avito.st/image/1/1.9_gN3bawWxE7atkcb67ohxx9WRG9dFMbuw.ILIUxh5Xzg8JrZ6hIvhRk3MGlia67rMMfYXAlCDOIuw
3547136092	06	https://00.img.avito.st/image/1/1.ezAK_7aw19k8SFXUcLILShtf1dm6Vt_TvA.w_Ts66IH0WbXYh45fOC7MComyRCjnRTiCAyQKdJ3n0Q
3547136092	07	https://00.img.avito.st/image/1/1.51AQrLawS7kmG8m0UueYKQEMSbmgBUOzpg.AdYi5Q9AaLXHFPScXKcR4tI6wlQ8IP2SN_hun9WFM-M
3547136092	08	https://00.img.avito.st/image/1/1.B1DOgrawq7n4NSm0zJYAL98iqbl-K6OzeA.C2LnMsJT_DzsY2fPI7i26ZK1HxRI-zNukOiN4rzCils
3547136092	09	https://00.img.avito.st/image/1/1.jgkofrawIuAeyaDtOFD9czneIOCY1yrqng.Yrw-arMrkJNoQCDOMuMXt3UQ0vlwM9k9wt37TDkoC10
3547136092	10	https://00.img.avito.st/image/1/1.vRVbR7awEfxt8JPxLW2-akrnE_zr7hn27Q.MUeancYGnKUGJmLVcs62SDythd_Tj0IHYdaRqZ5WYD0
4283055455	01	https://00.img.avito.st/image/1/1.MYdYS7awnW5u_B9jNntQ_knrn27o4pVk7g.xs6OgD84NwZmTpRB_zbatdJPKZFOfe_zahTxS8Xu92M
4283055455	02	https://00.img.avito.st/image/1/1.4QxWTbawTeVg-s_oGB74dEftT-Xm5EXv4A.Lk9OMhxHn6L-oPN-Oj2LNwDNJvI9oTzjo6YgT0x2jvY
4283055455	03	https://00.img.avito.st/image/1/1.rQSb_bawAe2tSoPgzYfnfopdA-0rVAnnLQ.V5UMv1BFlyomq-MGvQWgSFOwHsz5pmTUPDnQuxQ7-2w
4283055455	04	https://00.img.avito.st/image/1/1.Grr7fbawtlPNyjRew3lVwOrdtFNL1L5ZTQ.ISyzwvs7a5sXelBjJhqNeOiZa_pehVdUov7oY_B6Klw
4283055455	05	https://00.img.avito.st/image/1/1.MuIrfrawngsdyRwGQ05RmzrenAub15YBnQ.5PbGpmxI8yNoJ4y_okxnZHJB_R3IxS_Aep8hcAP1AbI
4283055455	06	https://00.img.avito.st/image/1/1.7eVZiLawQQxvP8MBD9uhn0goQwzpIUkG7w.41Rh-pez_DVC5gWqZM_4ZGGWI9klXZ0Mf0YeI9lIzM8
4283055455	07	https://00.img.avito.st/image/1/1.FU1Zi7awuaRvPDupf49aN0gru6TpIrGu7w.XdVx-1vILd_WvkfefMizk-nR5HOKmbIqREcBqim_26s
4283055455	08	https://00.img.avito.st/image/1/1.RFzBN7aw6LX3gGq4xVYKJtCX6rVxnuC_dw.z_xxMU-u-DItIu5EwMWbQFoxf5c8ABIcqO-fR8PUyl0
4378731027	01	https://00.img.avito.st/image/1/1.v9ANaLawEzk735E0f0r0qhzIETm9wRszuw.RET3DvCmyDnmZ93-Dh4a2doNlfJbxKQywXifk0Qjtuw
4378731027	02	https://00.img.avito.st/image/1/1.mja-3rawNt-IabTShpT5T69-NN8Odz7VCA.d6dkuWlyR9lxxxEslzsi5ZTznYCq99hDHhQTL-4Pl6I
4378731027	03	https://00.img.avito.st/image/1/1.uQVRZrawFexn0ZfhLxyifUDGF-zhzx3m5w.HBtwT32VV2K-NfLs8GyuDlkRODoBtpCGAlOngiP0j7E
4378731027	04	https://00.img.avito.st/image/1/1.8YVfarawXWxp3d9hMXWK_E7KX2zvw1Vm6Q.A3t-jCPIj7Yu2e3VgnSTdVCsyQ8kfBs3an6OLE4ObRA
4378731027	05	https://00.img.avito.st/image/1/1.kHOBzrawPJq3eb6XrZjEDJBuPpoxZzSQNw.Ate4h2y0lvN6eUEjtVtZRQZ7MVUTdWAebclKTubuRrQ
4378731027	06	https://00.img.avito.st/image/1/1.eQVexbaw1exoclfhIKQYfE9l1-zubN3m6A.jHPX-kpNE03Hwl04LKyPIMF8y6F4LoMQLX1mwqNuuXM
4378731027	07	https://00.img.avito.st/image/1/1.Q1ABQraw77k39W20CyNcLxDi7bmx6-eztw.kfyCWCvMPNR_e8J9-DcUTaXitfi1HqUYcJsN7o3jCXo
4378731027	08	https://00.img.avito.st/image/1/1.ZkKsfrawyquayUim7ENJPL3eyKsc18KhGg.g5wb8QRpHIwwDujqsn6jGtXZ09mjSS72y1jAKtAq_xs
4378731027	09	https://00.img.avito.st/image/1/1.W1fmmLaw977QL3Wz3MkoLfc49b5WMf-0UA.VMRndd41Dljp9FgUWSYXTKb9N62kFzH_YSpTrqN7rLk
1530751765	01	https://00.img.avito.st/image/1/1.LcUQTLawgSwm-wMhRkhkvwHsgyyg5Ykmpg.hKZxoGqJbl04AdMXKihOrZxeYJCrXIXgmjnH9uGmkfM
1530751765	02	https://00.img.avito.st/image/1/1.fBTAU7aw0P325FLwtHp6a9Hz0v1w-tj3dg.4I4pZp3MAUJbyCr6dH4lGxtGHI9sp_jGf7D3gsjDlSM
1530751765	03	https://00.img.avito.st/image/1/1.c1HR-Law37jnT121u8UNKMBY3bhhUdeyZw.tk4p0Fn_mJzCbh4GIgPGK3SKRkM5fYXv8lW-6-6DP0g
1530751765	04	https://00.img.avito.st/image/1/1.7zYNArawQ987tcHSX22PTxyiQd-9q0vVuw.Bc6x1zp3gxUjtKn-y4VpkIx2u0R0XZ8DXiJfeoFy2BM
1530751765	05	https://00.img.avito.st/image/1/1.LleLfrawgr69yQCz214oKJregL4714q0PQ.HEw_FAxBGfMUUyRJQtMbKExJEFxeyTAMU7kq5jeOzmc
1530751765	06	https://00.img.avito.st/image/1/1.4J-lVLawTHaT48576T-F5rT0TnYV_UR8Ew.aCEBkZZ497GhZP9szxEDa_RRWTbts3_tS_3qEvzNuF4
7674590089	01	https://00.img.avito.st/image/1/1.V3RTGLaw-51lr3mQcQVPDEK4-Z3jsfOX5Q.k8dB9Ier-mSTEfQCt4_l9Y3HCO78qt_HTA1cGUysyp4
7674590089	02	https://00.img.avito.st/image/1/1.q11luLawB7RTD4W5P474InQYBbTVEQ--0w.lEcu-JYkyoX2ENxsrqs6lgfJ0FfFrLudbZQicRcebO4
7674590089	03	https://00.img.avito.st/image/1/1.CQVRpLawpexnEyfhT8wefUAEp-zhDa3m5w.BaPLycBRosMoc5nPujtydo4VuykItywqrl5VegZdC5I
7674590089	04	https://00.img.avito.st/image/1/1.I_APU7awjxk55A0URQc4iB7zjRm_-ocTuQ.RE2t_cbEwY0dUiyqUftMFD8hbFmZkHEx7xOtvTJgFYI
7674590089	05	https://00.img.avito.st/image/1/1.tJ1FeLawGHRzz5p5IXa04lTYGnT10RB-8w.1ARNQnC6ofAXR_7A_VYD18llXV3ktQjCUhh4Gv2EiSk
7674590089	06	https://00.img.avito.st/image/1/1.HyFFGLaws8hzrzHFdyhTW1S4scj1sbvC8w.elmzDmKkyn5WwUS9mqtx3EdjT-deUpXe9l_Q7W-vUiw
7674590089	07	https://00.img.avito.st/image/1/1.3xoNaLawc_M73_H-P1-XYBzIcfO9wXv5uw.ug7MUQ1yD49SWUlzqrE79rtf-7eLEtB4D0z6bQQeuI8
7674590089	08	https://00.img.avito.st/image/1/1.Sgvrf7aw5uLdyGTv8z5dc_rf5OJb1u7oXQ.OMnmAymOk3YXs-Q_iIqmLZ1wyHrliVb2vtkn1E2fX8w
7674590089	09	https://00.img.avito.st/image/1/1.kU1YRLawPaRu87-pdiaMNUnkP6To7TWu7g.6GwAT7ATB19Axb_AKgKf0PzIgcBPTNAHTP2l0X_VuHE
2523702653	01	https://00.img.avito.st/image/1/1.gzABRrawL9k38a3UCyidTxDmLdmx7yfTtw.rRLy_pR28iCZXe7A9q136bOSkjyAbDoDD5xjDc_3GfU
2523702653	02	https://00.img.avito.st/image/1/1.fSVZtLaw0cxvA1PBL4UNX0gU08zpHdnG7w.SNeYSF-ygoU3HPIELvP7zdRI9PwgmSHRYpwBsiCjbdg
2523702653	03	https://00.img.avito.st/image/1/1.XJz1ELaw8HXDp3J4wXU85eSw8nVFufh_Qw.SbSCw95YMHl4uZ6Z5ahrpZ2KZ8MyftiuUb8Sx2UdBV4
2523702653	04	https://00.img.avito.st/image/1/1.YmLuO7awzovYjEyGpjpBXrWazIteksaBWA.IiZXu9Z1Gx5T5jnAvuNmR--2BaKakbWjeGdlFuBQnCc
2523702653	05	https://00.img.avito.st/image/1/1.yQzhTbawZeXX-ufo_ybbdPDtZ-VR5G3vVw.n2paYavcJmoWHUaaq0u8Ed1jZ4WXbzyETSfQxEqtcDQ
2523702653	06	https://00.img.avito.st/image/1/1.9NTAULawWD3259owpDv1q9HwWj1w-VA3dg.UAg0orisQWlLW2Brx-1Lo33HjSmtevHz9-xCAaCF2no
2523702653	07	https://00.img.avito.st/image/1/1.kuF7frawPghNybwFUxjwmGrePAjL1zYCzQ.UO-wWdNHNR5NeUjTgjlQliGPsKUSxqPZLIB2vd9RfAk
2523702653	08	https://00.img.avito.st/image/1/1.60Fl3LawR6hTa8WlP__TDAV9RajVdU-i0w.M_-pKZNLn3NyerPmXk5G6HahQuXmRsplX88NqJtj42Y
2523702653	09	https://00.img.avito.st/image/1/1.YwjNFLawz-H7o03shy18d9y0zeF9vcfrew.ktNRm2ThpUDwUKNI12XZunDhdlUj8VaN-9z4RiGJNkM
2523702653	10	https://00.img.avito.st/image/1/1.u5AMsrawF3k6BZV0dsjY6R0SFXm8Gx9zug.tQft02_CHnabRLcr55QXRPtypuOvlbN0105CZ8q409c
8025964191	01	https://00.img.avito.st/image/1/1.o_LNGbawDxv7ro0Wh2PCi9y5DRt9sAcRew.SXKQWatw1eiRW6ypXChQYYjYrznb8p4O0429D3YTDMM
8025964191	02	https://00.img.avito.st/image/1/1.QuZro7aw7g9dFGwCY_Yln3oD7A_bCuYF3Q.WsPRxIXFsFQ14yTMQL9KuqyDXHO_xbyrjc10l6W55eo
8025964191	03	https://00.img.avito.st/image/1/1.PJyI5LawkHW-UxJ4_PQn5JlEknU4TZh_Pg.E_ybBawZmpE9H9qQJmeinXcTHgEJJ5MYR9l3VcS7uhQ
8025964191	04	https://00.img.avito.st/image/1/1.yJhZ1LawZHFvY-Z8RffS4Eh0ZnHpfWx77w.o3ekUQQA5S6lAOqksq-Wx3Fm-ROQwsbOXXgVANFzCow
8025964191	05	https://00.img.avito.st/image/1/1._4Z1GLawU29Dr9FiB0uv-WS4UW_FsVtlww.eNz8RiQ_y894iFU1VCmWEgasAcblfYMlZD2FW-pFndc
8025964191	06	https://00.img.avito.st/image/1/1.2Bzc5LawdPXqU_b44M_3Ys1EdvVsTXz_ag.th8_Laufk3vX_kDTemy-T_Wq6LnIY0b8_R34hmsbCKc
8025964191	07	https://00.img.avito.st/image/1/1.YnjrebawzpHdzkyco3hMBvrZzJFb0MabXQ.VUcKpJTBI9htEuW93NiIsrSJJLztHWaTjcAwizg0h54
8025964191	08	https://00.img.avito.st/image/1/1.bJ0TiLawwHQlP0J5R_VB4wIownSjIch-pQ.E306Cee-TuKcbPhGn6a-YDvYBIwzDVJSTSRcxP71CN0
2587106849	01	https://00.img.avito.st/image/1/1.I5AMk7awj3k6JA10RstI6R0zjXm8Oodzug.SLzQS6pQ6zCeKD00us8lyqDSRhFMQgygBFGMerOuKls
2587106849	02	https://00.img.avito.st/image/1/1._BnB1bawUPD3YtL9tfb_ZtB1UvBxfFj6dw.FWx0WhHC2fLgncCtzCVQINvHJNT3rOKdZNDivaMDLMU
2587106849	03	https://00.img.avito.st/image/1/1.11B8Brawe7lKsfm0XhmaKm2mebnMr3Ozyg.P0rXoOqFK4M1AH0SodkBoD8PztoYRuJ32PyEW8F6ot8
2587106849	04	https://00.img.avito.st/image/1/1.-GCBzrawVIm3edaE_amuH5BuVokxZ1yDNw.QINYVJQho9thePbjUHnkBAbBH00F0NdEahP8k9eJR_w
2587106849	05	https://00.img.avito.st/image/1/1.aJgwVLawxHEG40Z8bG1_4CH0xnGA_cx7hg.w-o9TynPZqU-A_wAldHVYR_1ub-i2Nni9e5xRqhW1nY
2587106849	06	https://00.img.avito.st/image/1/1.UoXbeLaw_mztz3xh8zUC-srY_Gxr0fZmbQ.XDJJOkbuE4qXMlAhdwJrjQMylSLkaHdTQgl6e9DuNkg
2587106849	07	https://00.img.avito.st/image/1/1.rQXTDbawAezluoPhhQ-vfcKtA-xjpAnmZQ.eKxHyBn_az1c0hScuuM46urOs-GjgqFF6CFby61sg1E
2587106849	08	https://00.img.avito.st/image/1/1.Oja8frawlt-KyRTSxB5YT63elN8M157VCg.qjjCqLGXFw7MmDL3-FhM3DKMr0d2-8BhAw5IdkpWeJI
2587106849	09	https://00.img.avito.st/image/1/1.mQxrzbawNeVderfoVfODdHptN-XbZD3v3Q.t0v76dfSmr_6irZuQtxTp6lBDEDBzPjm5_sBDwjiY60
2587106849	10	https://00.img.avito.st/image/1/1.mJhS1LawNHFkY7Z8bsaD4EN0NnHifTx75A.Z0pe2WOh1EJtg-rqQYFxQ7k7W2nVIl36y0PrnLVYNjY
2427829164	01	https://00.img.avito.st/image/1/1.jDFB1bawINh3YqLVVffeTlB1ItjxfCjS9w.v0DxI8K8k1Y6VpRm4nTkkiEgLpYWagWurnnrDfi2q_E
2427829164	02	https://00.img.avito.st/image/1/1.7tNrH7awQjpdqMA3OyjorHq_QDrbtkow3Q.jzGBKpW90hWh_XWhAiX2UkmiKjpwgvwFZSI_f6w_h2Q
2427829164	03	https://00.img.avito.st/image/1/1.QBzZibaw7PXvPm741fBCY8gp7vVpIOT_bw.yzQdWNMllZnMlZBBuow30JRxZupInD2tnJcsR2bJIvc
2427829164	04	https://00.img.avito.st/image/1/1.GMzB17awtCX3YDYo_fd7tdB3tiVxfrwvdw._m1RSBNjbMKo7BJOFCp69bR8p71bNtQe57vWROgQdCI
2427829164	05	https://00.img.avito.st/image/1/1.qJMBlLawBHo3I4Z3XbLZ6RA0BnqxPQxwtw.--k1QWDcZ4UYoBNaGsVtHw_fW3Hy6JDo84fJnNdAuVk
2427829164	06	https://00.img.avito.st/image/1/1.GGWB0LawtIy3ZzaBveQOHZBwtowxebyGNw.7fuG0ptn-V2r0ryjux_Ku5QXrXaSkxiMVufex6w4KEw
2427829164	07	https://00.img.avito.st/image/1/1.z1AoQrawY7ke9eG0OlXTKDniYbmY62uzng.vOrJsKUgDP2Uy2Epr_w8dcIt6CcWpM1okPCeNXJGkHA
2427829164	08	https://00.img.avito.st/image/1/1.VNbR1Law-D_nY3oy9eVJrsB0-j9hffA1Zw.ova_-NSI5Tq4PKLApDj9yCep1nyLKrWwGaDaAq3Y6bA
2427829164	09	https://00.img.avito.st/image/1/1.T5M_GLaw43oJr2F3LV1K7C644XqPsetwiQ.EW341BSDya3_1NGB8SU79zHeq0cQuFFzMLn28V6TGsQ
2427829164	10	https://00.img.avito.st/image/1/1.FY1YLbawuWRumjtpfkl89EmNu2TohLFu7g._rwGIGaJ0SnWZImuTnhMllZ8qYfnt9BpithmuBNe8y8
3962893629	01	https://00.img.avito.st/image/1/1.cjB8fraw3tlKyVzUFB9wT23e3NnM19bTyg.xzCtJFkUmSpn9FVybD0ah_-9S0ZUadAvzONkqSYj_x0
3962893629	02	https://00.img.avito.st/image/1/1.Hy8RGLaws8YnrzHLIwBqVQC4scahsbvMpw.rOcsEfDhnK84_oGd1hsZEOvn2JzSgw8JIFKOCWe7CZU
3962893629	03	https://00.img.avito.st/image/1/1.eYVH07aw1WxxZFdhOYYJ_1Zz12z3et1m8Q.cgU8nDB6N3MxLpyRjQ_e7GQuJgK5CShJpjAxLGC8YW4
3962893629	04	https://00.img.avito.st/image/1/1.AJh1lLawrHFDIy58efAf4GQ0rnHFPaR7ww.5avtIqZbvuj8soz3-JLkKvWyAR10NaLih8kANTj5NWo
3962893629	05	https://00.img.avito.st/image/1/1.7kVrc7awQqxdxMChOxyMPHrTQKzb2kqm3Q.LLmiq6Io5KOJPhq0IVcLX_BFtN9CAeKvXrF9gWB4wvw
3962893629	06	https://00.img.avito.st/image/1/1.bjYKs7awwt88BEDSWqZpSRsTwN-6GsrVvA.roBl317fBD7msTPSeFZ9AZblfIUSE9MUSKhz4S-9k5c
3962893629	07	https://00.img.avito.st/image/1/1.9Y1Y3LawWWRua9tpPrvt9Ul8W2TodVFu7g.uG9rwaI0v41sdQBDaJJvIOO4mU1fb7QcU1RZNTsQ-H8
3962893629	08	https://00.img.avito.st/image/1/1.ShD7f7aw5vnNyGT043pQaOrf5PlL1u7zTQ.pB6PhxyamYtkZ1b4vw5XWKYhwT5rPY4ZljQRTmMereA
3962893629	09	https://00.img.avito.st/image/1/1.B1DPRLawq7n58ym0zVwHL97kqbl_7aOzeQ.cdGBE9kxnMmHuo9ihpLfSGPy78DSCNWKWsEQDMdv2MQ
7706565268	01	https://00.img.avito.st/image/1/1.vvlrH7awEhBdqJAdGwG5hnq_EBDbthoa3Q.pG0l-Wgnn-m9bf5nPzPUeCfm5tGCSUBYceZK-dmPz9s
7706565268	02	https://00.img.avito.st/image/1/1.TlfBfraw4r73yWCz0XdKKNDe4L5x1-q0dw.Zu0VbZ1PkxdxfRwFReEOKs-3g9K8ohG9wO9CvQpEfbA
7706565268	03	https://00.img.avito.st/image/1/1.bQZXTbawwe9h-kPiAWxreUbtw-_n5Mnl4Q.aiRdc8MM0-qOftSDzMtqayCD3TbDEECtbjznhYAONw0
7706565268	04	https://00.img.avito.st/image/1/1.EqZtyLawvk9bfzxCRcxA2XxovE_dYbZF2w.gHAZ3eOlLn2hV1qh-p7qR7zspkL0GUJonObgAiYnQQk
7706565268	05	https://00.img.avito.st/image/1/1.Baf7_7awqU7NSCtD_Ycvm6Beq05LVqFETQ.eVcAsBJeCtKtV42IBAxmGxvg1k8dzOoEpVxc8RB5IM8
7706565268	06	https://00.img.avito.st/image/1/1.Z0hdGLawy6Frr0msHxkPMUy4yaHtscOr6w.ibmWLtMshhMH6GJSpvtnRmCPVs4FapL-JMa3C4MfE9s
7706565268	07	https://00.img.avito.st/image/1/1.sjdV7rawHt5jWZzTPeikT0ROHN7lRxbU4w.KHyaLDiMWqS62e4wpBDafsMfDsO0JnCsST94yR_wq1o
7706565268	08	https://00.img.avito.st/image/1/1.FU1bFrawuaRtoTupfRJHMkq2u6Trv7Gu7Q.d1Q0B6Xl5zLSC0SBTQetTQOnxVIefZ-HyBmLRC551PY
7706565268	09	https://00.img.avito.st/image/1/1.JkhrQbawiqFd9gisKxlUMnrhiKHb6IKr3Q.zrVXlizAnoEN4uaTbyaG_XN7KSXPWuDijpT33oox0TA
7706565268	10	https://00.img.avito.st/image/1/1.umZtfrawFo9byZSCFUizGXzeFI_d1x6F2w.qftKbJnpEthgjH2ziYlcs9ye7zunhdTo2PcilPJaUl0
2491588768	01	https://00.img.avito.st/image/1/1.rJyLjLawAHW9O4J43_ax5JosAnU7JQh_PQ.mf-9VuGfB8hyhYAGTlqPlF4S9ClQGxKiYBsBebNdQo4
2491588768	02	https://00.img.avito.st/image/1/1.iyXNGrawJ8z7raXB1wCfXdy6Jcx9sy_Gew.IcY2C85K4fJS79dB-ffCLSCiJEztj1EgLEuWDpvq62Y
2491588768	03	https://00.img.avito.st/image/1/1.0IR41LawfG1OY_5gVOfO-2l0fm3IfXRnzg.Bo69vevRJvxJMKliFD70LRVJSxCDrqzcXsMPvpJJnpI
2491588768	04	https://00.img.avito.st/image/1/1.CvZrqrawph9dHSQSc7ppj3oKpB_bA64V3Q.vSeWNT1hMssSJVzMoVW4SxjuGmGOlKALveCOx5Fxq8c
2491588768	05	https://00.img.avito.st/image/1/1.EQVo8rawvexeRT_hRqoTenlSv-zYW7Xm3g.X4VXmqjWonEOSeRgkHmxH6mPYLjEwVEwJuISIRGofl8
2491588768	06	https://00.img.avito.st/image/1/1.YxXtGrawz_zbrU3xpwd7bfy6zfxds8f2Ww.UDIVqYxzqcV7woBEFd84BeUGV4W89_XHg8etAOHGCp4
2491588768	07	https://00.img.avito.st/image/1/1.a11luLawx7RTD0W5P404InQYxbTVEc--0w.1FGiG8Mw7cGNIc3oku8WigcdBUnTpTtmCdzO7Zmdhbg
2491588768	08	https://00.img.avito.st/image/1/1.c1xQuLaw37VmD124Oq1tI0EY3bXgEde_5g.k1pYwstRwK0uKgChATaPESztBzcxVkg__28_x7CDkRg
2971024429	01	https://00.img.avito.st/image/1/1.AQIJzbawres_ei_mB-F9exhtr-u5ZKXhvw.TLJHDmHZ9Dc8p0cLgHhsYqnrbQV1d6VnfohHzM7cTPE
2971024429	02	https://00.img.avito.st/image/1/1.XQSY1baw8e2uYnPgrrgUfol18-0ofPnnLg.CbREwyIAdvMLHCFsTRAAh0RpALWpvTqhhUTaaJjQ6LY
2971024429	03	https://00.img.avito.st/image/1/1.ATD_TbawrdnJ-i_U8VVST-7tr9lP5KXTSQ.5_lDW9e6VeoQNXutuR-fc5o5_u6ywOshjIMEkgqrVq0
2971024429	04	https://00.img.avito.st/image/1/1.jjsMfrawItI6yaDfHEDsQh3eINK81yrYug.Jls3nhSHnPDNFnQj29AkQAqDUDZ4-W_AinIJv3xuDWc
2971024429	05	https://00.img.avito.st/image/1/1.tQU2tbawGewAApvhUOvSfCcVG-yGHBHmgA.Fbf__1FgmkDgAB57SHpL1Rx7WPW44ngnWqiPLucsfww
2971024429	06	https://00.img.avito.st/image/1/1.aQNnzbawxepRekfnOZADenZtx-rXZM3g0Q.AbR2PPpKnIUwE0g1mt4ibsTaCOqp-VBYmObV9XS1x0Y
2971024429	07	https://00.img.avito.st/image/1/1.qISf1LawBG2pY4Zgw5aq-450Bm0vfQxnKQ.aAoQha7zBlqVyV9P2pa0AVWUXXJcd5TcGkqNiMqy4Ik
2971024429	08	https://00.img.avito.st/image/1/1.SN1B17aw5DR3YGY5Xe4ppFB35jTxfuw-9w.eR6LfseahRR2JzwozCGIPWNy-8pYty99edt2Y8G6hWs
2971024429	09	https://00.img.avito.st/image/1/1.fv9rH7aw0hZdqFAbGxp5gHq_0Bbbttoc3Q.E5BTBHJKy1yZVl9Cqcvvzf-558E2dnh-AAhVHMoy4Oo
2971024429	10	https://00.img.avito.st/image/1/1.WjXjTraw9tzV-XTR22MXT_Lu9NxT5_7WVQ.8Oqen4S0bqhj7sRTRkALuWtEbmy6xvWJC-EhrcaYIwA
7642197595	01	https://00.img.avito.st/image/1/1.ElZtbrawvr9b2TyyRVYTKXzOvL_dx7a12w.PvdFtcevN73wvbFtWRcUfdcS3p4I2PtmZTZYunXGsqw
7642197595	02	https://00.img.avito.st/image/1/1.oM3BzLawDCT3e44pjf6jstBsDiRxZQQudw.UGf6tC3Ex9h8v-Utj0p6k5Eji3urmg2WQT0hqPNN_AY
7642197595	03	https://00.img.avito.st/image/1/1.TKex1Law4E6HY2JDpYUz3qB04k4BfehEBw.Jm_oL2Yv7jNlFPZBanduRdIxHozyVgVQiIDHX30ptQc
7642197595	04	https://00.img.avito.st/image/1/1.WjDW3raw9tngaXTU7pcNT8d-9Nlmd_7TYA.Z5Qn2psDTYsE1Bwpz1oxCQVXce-gG_ZUTCz3jf5dbdo
7642197595	05	https://00.img.avito.st/image/1/1.y1w4-LawZ7UOT-W4IufPIylYZbWIUW-_jg.KIi-TAOfhWmXv0z5e5jOzlLqJoeFnzPfPzRys9JC_Sw
7642197595	06	https://00.img.avito.st/image/1/1.H5OjGLaws3qVrzF3kWQY7LK4sXoTsbtwFQ.zSGNb2Yt2Uc1zoUv1u2TW1oaDtF4h9WSWbF9XoZXoww
7642197595	07	https://00.img.avito.st/image/1/1.9uJrc7awWgtdxNgGCwCRm3rTWAvb2lIB3Q.G0vIjRHqXRggbtC3P8ONB6e8N1Xcv1zoniWyxny9Gx0
7770944098	01	https://00.img.avito.st/image/1/1.ZNSZ1LawyD2vY0ow3a19rIh0yj0pfcA3Lw.0XLv9NdGd3ptSkuupmPZL1A-kVr1Xci-Gfm3HIkrY-I
7770944098	02	https://00.img.avito.st/image/1/1.J_4Na7awixc73AkaTxdghBzLiRe9woMduw.afoGyxn5JspdM4uEJdYdlmPgxhVdn1LFXmM83CZOhO8
7770944098	03	https://00.img.avito.st/image/1/1.0RkcTbawffAq-v_9Mk6cYw3tf_Cs5HX6qg.VBJOSOfezBPEo_C5fiphAeO8rYvOhgE5JGHzkRHUPug
7770944098	04	https://00.img.avito.st/image/1/1.yRlRTbawZfBn-uf9TyaAY0DtZ_Dh5G365w.7NiG9qHDXT4EDJ4j_OMAEqcdKGYN1VjesJwMBe1h2c4
7770944098	05	https://00.img.avito.st/image/1/1.2qZo9Lawdk9eQ_RCUPOW3HlUdE_YXX5F3g.-VmqXTvDqn9osjNEu4x_6O6OxnmIuApXSb_Dubov34s
7770944098	06	https://00.img.avito.st/image/1/1.p4abGLawC2-tr4li2Rb0-Yq4CW8rsQNlLQ.W5VxRX9eljI9ZsG0qMWqqoH_uIHg3FhRGrf4QtERctQ
7770944098	07	https://00.img.avito.st/image/1/1.MUBYfLawnaluyx-kNnQsP0ncn6no1ZWj7g.yvgEdGRQRm5VxEJrijzmL1DhVM9HjE0GuvSXAnSt_jQ
7770944098	08	https://00.img.avito.st/image/1/1.x3W9GLawa5yLr-mRv1vYDay4aZwNsWOWCw.8JA5hZ-6JlYfe0iS-VXlNErLuD-A9h3RGqVgPvY8KZQ
7770944098	09	https://00.img.avito.st/image/1/1.w91tFrawbzRboe05Zxnpo3y2bTTdv2c-2w.6B4NniIRctTx9oXReN7rZ2_pQRU9CJHc9DX2bUcubhQ
7770944098	10	https://00.img.avito.st/image/1/1.JFjBm7awiLH3LAq8hf8yINA7irFxMoC7dw.LKCpRfM6Qa6P_X7qRbkkrAFASTIeqYuBs3HL0d1lC_c
1915258594	01	https://00.img.avito.st/image/1/1.on1LebawDpR9zoyZAxOOA1rZDJT70Aae_Q.PgQuFKklzfdmdgyipxb4Y2s1TfNElRzh6AN467tPjCk
1915258594	02	https://00.img.avito.st/image/1/1.Lg56frawgudMyQDqKhpndGvegOfK14rtzA.EWnEGybD4bSqm4tW9PWn0dggz_Je1_43WcVCw-tE3Qk
1915258594	03	https://00.img.avito.st/image/1/1.mIHvVLawNGjZ47Zl0x60__70Nmhf_TxiWQ.oFbXoFdn13JlTjyu-LvUd7yDV_iWm42kCjv0WbRrkuA
1915258594	04	https://00.img.avito.st/image/1/1.p5KFGLawC3uzr4l2xyqk7ZS4CXs1sQNxMw.wMl2IpjeEj8T7GibgXmaW6bqYs-ke_Cka3c6ZeTeWtY
1915258594	05	https://00.img.avito.st/image/1/1.MEGB0LawnKi3Zx6l7aQiOZBwnqgxeZSiNw.B-HmWWPsyZjAw-8zhXXmqLYdYr3UoHP9sfgj63DvpaY
1915258594	06	https://00.img.avito.st/image/1/1.ZlTGfrawyr3wyUiwhmt6K9feyL1218K3cA.hC7ZcSVxUG8alzuNGoUWxnqieqXJzKbhHszas5SUC2Y
1915258594	07	https://00.img.avito.st/image/1/1.kdVYeLawPTxuz78xdlrFqknYPzzo0TU27g.6-HSQRIR54S8qGDg5jIIG94VBizHb0euL20R-qN5jVQ
1915258594	08	https://00.img.avito.st/image/1/1.E_APVLawvxk54z0UJWAJiB70vRm__bcTuQ.WaDVlSrHmPkeVyRHTIWBDbOkb75EVTYuU5COFwMmmH4
1915258594	09	https://00.img.avito.st/image/1/1.7CTAebawQM32zsLAlGK-W9HZQs1w0EjHdg.eSzSJnWr4ogYxNxVZeZEvksnr5B_H-VjO2L1f6EtJOQ
1915258594	10	https://00.img.avito.st/image/1/1.s1cfuLawH74pD52zdc7-LQ4YHb6vERe0qQ.lDMtW0XZJh0IrYATixxxm6w8pSgwJ9OqvbdcpS_IgfI
3803255684	01	https://00.img.avito.st/image/1/1.Re1YOraw6QRujWsJXm87lEma6wTok-EO7g.qDn6zYgfV1Sj_fXEr6DMRLMvbArNhwz0BplhDmEZuN4
3803255684	02	https://00.img.avito.st/image/1/1.tjZ49bawGt9OQpjSGPujTmlVGN_IXBLVzg.YPWggWzeF7ahKVJPENgxQIV-6jUnY4hthP0d-8JEQSY
3803255684	03	https://00.img.avito.st/image/1/1.DFzAeLawoLX2zyK41BhcI9HYorVw0ai_dg.EgCT2GGQWpkIFmAFjYxWzq-g2VZkZB5IW4LBTqKE0Bs
3803255684	04	https://00.img.avito.st/image/1/1.BJ0S8LawqHQkRyp5FvQr4wNQqnSiWaB-pA.zFttVtv2Txrv3vapwrE6_Jwavk6N3OXsGnHr7F0aDno
3803255684	05	https://00.img.avito.st/image/1/1.416EWLawT7ey7826zlPIIJX4Tbc08Ue9Mg.Q75gj6lrZJ0NwM06_BEPmiZKAFOeUTXDHCzTeqTu4wo
3803255684	06	https://00.img.avito.st/image/1/1.eQVewLaw1exod1fhIIkYfE9g1-zuad3m6A.hfuHUmlJZMJsQ9OK8S9YfAQDmexcVySvIYn_kQ5tF_E
3803255684	07	https://00.img.avito.st/image/1/1.0J9s1LawfHZaY_57QKes5n10fnbcfXR82g.5QTuxt1wu0MqZO9W59P-WFiMmUICLGFmaKgk7UE7-O0
3803255684	08	https://00.img.avito.st/image/1/1.lW9QTbawOYZm-ruLdmv2FkHtO4bg5DGM5g.tczzbqnxYhLIE0TasDZQTBsXlv9j2MlYBlyIoFqcnZ8
3803255684	09	https://00.img.avito.st/image/1/1.YcXYRLawzSzu808hlmF0vcnkzyxo7cUmbg.nkXU3aRkOSIi99Y7RPaLsMaJFROOrKd3KbCI1AUtvy8
3803255684	10	https://00.img.avito.st/image/1/1.9T1b6LawWdRtX9vZPdfZQ0pIW9TrQVHe7Q.0FvVCb1G4GsfhfkqmgSnkr2JOj6ngA14qyMaJg8HBsg
2267723370	01	https://00.img.avito.st/image/1/1.PjZmwrawkt9QdRDSFpJaT3dikN_Wa5rV0A.9DQoIetk6574oIIS6qVLyC0G6ibQqE-Hs0XqoCElM2c
2267723370	02	https://00.img.avito.st/image/1/1.rJ1sdLawAHRaw4J5OHb-4n3UAnTc3Qh-2g.k65y85mCsMY1plWxqtnJ1uajjwzJHEC-7XpJkVmu61s
2267723370	03	https://00.img.avito.st/image/1/1.njYA2rawMt82bbDSMOjKSRF6MN-wczrVtg.m4SzgeltKHaSw5sdS4yMlKHVaiElzGEcZZPxd7ya4lQ
2267723370	04	https://00.img.avito.st/image/1/1.xKfV1LawaE7jY-pD0eO73sR0ak5lfWBEYw.ovTCGj911-CTCA7yyNj7IMN8gBGa-2Ojrb6kRWp9EZE
2267723370	05	https://00.img.avito.st/image/1/1.Dv9rRrawohZd8SAbe0JBhXrmoBbb76oc3Q.kOlp8Jc4seFyeU7b4R6Z0a-OsHNF4jfplOMLgN-hXoY
2267723370	06	https://00.img.avito.st/image/1/1.7qZrH7awQk9dqMBCO3zr2Xq_QE_btkpF3Q.yB1GuMpd7xwx2ZCMQdzHAxvq5rdt80JekibjaxcuP_I
2267723370	07	https://00.img.avito.st/image/1/1.ZjjzfrawytHFyUjcsz8bQeLeyNFD18LbRQ.8_HIAIsf3WPeRwGcXMFwjqo__eSMxm5gjiOrf5Qg0PU
2267723370	08	https://00.img.avito.st/image/1/1.KWBYSrawhYlu_QeEBkJWGUnqh4no442D7g.Tl0rIn05DAquE0kDWLY-SKxxGb93GHuoa0wmP9GpsBU
2267723370	09	https://00.img.avito.st/image/1/1.Je1bFLawiQRtowsJHUB1kkq0iwTrvYEO7Q.O8wC4gLZU6g3shhCfKR7fFHSePcbYyL3Oy58fA8bix4
2011862591	01	https://00.img.avito.st/image/1/1.ZE7N1bawyKf7YkqqifhJMNx1yqd9fMCtew.prCXwj246Jth7DT15yzHaxz-qNx1ilsZptWdFBNA2zg
2011862591	02	https://00.img.avito.st/image/1/1.0Rl4TbawffBO-v_9Vm6aY2ntf_DI5HX6zg.nSGV-9Y-3Sd2D23b_B9VSeFoH9UPWpPeI9VTvSAllFo
2011862591	03	https://00.img.avito.st/image/1/1.VZv4Tbaw-XLO-nt_3jxC4-nt-3JI5PF4Tg.C-Ce3m-QGUlTPfUPDHNTgal29KYRy28tFl_m4Azxg94
2011862591	04	https://00.img.avito.st/image/1/1.zJz7wLawYHXNd-J47_ex5epgYnVLaWh_TQ.K8I0cH13UE9h0i6w_172ZovoW-2HYJBVAkRb2D8-irQ
2011862591	05	https://00.img.avito.st/image/1/1.vCTBNbawEM33gpLAtS_2XtCVEs1xnBjHdw.lpoJ89cqu1SZi4IBvHRC9qFGKbvVnFbdZsZXZhcpWlQ
2011862591	06	https://00.img.avito.st/image/1/1.p5N9GLawC3pLr4l3P1qj7Gy4CXrNsQNwyw.xe653s9rANcbXsfZ0noIYFHPgNY4JVvbUOLWasagsj4
2011862591	07	https://00.img.avito.st/image/1/1.5jYLTLawSt89-8jSSyfuSRrsSN-75ULVvQ.kiWeBbzoMu1MK-ttb4rrlQyZOeuYMD1woMJSQQ1g4UA
2011862591	08	https://00.img.avito.st/image/1/1.-xMNGrawV_o7rdX3d1niaxy6Vfq9s1_wuw.97u1m5qjYkcl3SJTr5v2PCsCjcBwCfqnxWnFbPyH4mM
2011862591	09	https://00.img.avito.st/image/1/1.KQrYRLawhePu8wfuhhgwcsnkh-No7Y3pbg.8bmk2pPSZs_2IDQ_wlNNFJNx4ubvAHDi44G0Bo8NXxo
2011862591	10	https://00.img.avito.st/image/1/1.JOjB4LawiAH3VwoMhbRFkdBAigFxSYALdw.nrcCWLlaQQBib0RQC6J3ped_oKP0nxGlPE5LdGMKpME
2203163330	01	https://00.img.avito.st/image/1/1.dJyPvLaw2HW5C1p46_Vh5J4c2nU_FdB_OQ.zSDvQoz-RwVue63nrDLKdIsjwr9WmJqis-qNtKc04nU
2203163330	02	https://00.img.avito.st/image/1/1.LKhF1LawgEFzYwJMEfBM0VR0gkH1fYhL8w.TKuEpefye8JOBsyNRnleSXHlOIwKOLH-7vGrMdN4JIk
2203163330	03	https://00.img.avito.st/image/1/1.nQZULbawMe9imrPiYj-YeUWNM-_khDnl4g.4YZq90jmb49iZUUuyC78egYuSi_9TVFlhDEOKpVTdUc
2203163330	04	https://00.img.avito.st/image/1/1.f4YNBbaw0287slFifwgB_xyl0W-9rNtluw.PyebanUH5rweCXKGhQcVt1YMC_Ze_ToXOazO3mB3s40
2203163330	05	https://00.img.avito.st/image/1/1.B1DNCrawq7n7vSm0zw4OL9yqqbl9o6Ozew.C_xNHEY64QZchK1P-PKUOf7QFwHFraBBRGvLzIoFFIY
2203163330	06	https://00.img.avito.st/image/1/1.FAjAXrawuOH26Trs5GoId9H-uuFw97Drdg.ZCRNuMgJ18Cfr9LFRHx4S7Uzhz6BwkHpxanQbvzz_R0
2203163330	07	https://00.img.avito.st/image/1/1.S0ltH7aw56BbqGWtdxIEM3y_5aDdtu-q2w.SO_JIf71tSIzxRsk8Y0gCJK5HxzzSTELjVC5f9so20g
2203163330	08	https://00.img.avito.st/image/1/1.pW_ITbawCYb--ouLjifGFtntC4Z45AGMfg.038LZYBFbGLK5gPNfAJMipe2qxcuFX4yQSI8diLCvU4
2203163330	09	https://00.img.avito.st/image/1/1.kOxBzLawPAV3e74IbeaXk1BsPgXxZTQP9w._x4DQw2rvTpkw9A3EUa1fN35zjad9tnpEzCGjB7gc5A
2203163330	10	https://00.img.avito.st/image/1/1.QpZrl7aw7n9dIGxyY94_73o37H_bPuZ13Q.ia0PqosDvV-UP37ZB_NZU0PK6S4J2dIsL0ioMkMsKmU
2267357756	01	https://00.img.avito.st/image/1/1.viVrQbawEsxd9pDBGy_PX3rhEMzb6BrG3Q.gZTbPaJ0oLV7CLY9WSpcQeOFnpi0azcQLebiPp8hJ-U
2267357756	02	https://00.img.avito.st/image/1/1.nQSdrbawMe2rGrPgq__RfowNM-0tBDnnKw.3_LL9Ir7hall1VmH-gorhNezmGyGOmI9inTGPvBYNk4
2267357756	03	https://00.img.avito.st/image/1/1.VE4R1baw-KcnYnqqNaR4MAB1-qehfPCtpw.Y5p4XNzdD8qIj3Rv3RGvKXnUISBEkYRzJO26GXby2JA
2267357756	04	https://00.img.avito.st/image/1/1.5jYKaLawSt8838jSShPnSRvISN-6wULVvA.lMUtvJCM3e9wOh-mWrhAG1mXZsmxEfKPpZ4Wr6WPl9k
2267357756	05	https://00.img.avito.st/image/1/1.7XVYPrawQZxuicORDiWXDEmeQ5zol0mW7g.nbbMXd6xWjOmc-TcCiTctJgY0LRsqV3xhsNuay2sPLg
2267357756	06	https://00.img.avito.st/image/1/1.MnwLebawnpU9zhyYY0EeAhrZnJW70JafvQ.BnDYMB8x9ez6i_Ex0cPrcuIYDya5to6tyddKAfDoxJ8
2267357756	07	https://00.img.avito.st/image/1/1.UyAtGraw_8kbrX3EBz9GWDy6_cmds_fDmw.-H0bfdXkqddkMwVtDNhzaQPf2cbRNdu9fS7m7A4YGkg
