3643550247	02	OK	image/jpeg	https://00.img.avito.st/image/1/1.q1JZeLawB7tvz4W2A1a3KkjYBbvp0Q-x7w.jvbN8Z20-wX7x33su6-uKNUVEB9gaBVOrMwSH5ouoME
3643550247	03	OK	image/jpeg	https://00.img.avito.st/image/1/1.WjdBTraw9t53-XTTeWNGT1Du9N7x5_7U9w.nj52jfYoXFMS2HiyLtiJfSV4BeGMGWGRIXkJV-ayM4E
3643550247	04	OK	image/jpeg	https://00.img.avito.st/image/1/1.-M1BzLawVCR3e9YpPff7slBsViTxZVwu9w.t9CUhn7y8CdMI5Fs-w2w4UcHVQsRYN9HMjPlrMSocwI
3643550247	05	OK	image/jpeg	https://00.img.avito.st/image/1/1.ynF127awZphDbOSVbdDMTy56ZJjFcm6Sww.S_XEcYKdYmkXkjNJ4gZvsnOt8SaiE-kzUpEtT0XHljY
3643550247	06	OK	image/jpeg	https://00.img.avito.st/image/1/1.5jYAGLawSt82r8jSQCO0SRG4SN-wsULVtg.Nt5L-WghFx163rqbVH3FtZDWO0KeEa_qFigEZmZ4U6w
3643550247	07	OK	image/jpeg	https://00.img.avito.st/image/1/1.zQZWXbawYe9g6uPiQHbKeUf9Y-_m9Gnl4A.eBCzAxQqAUa3_VgREH1iW36uue2wspqJ7P30A7EVyQQ
3643550247	08	OK	image/jpeg	https://00.img.avito.st/image/1/1.51DOrrawS7n4Gcm0jOHgL98OSbl-B0OzeA.cuVWPoueFjcpEiL3a1zg8aLGDsa_6lrJKwUYbKxMmKg
3643550247	09	OK	image/jpeg	https://00.img.avito.st/image/1/1.Cl1arLawprRsGyS5QpRqFX0MpLTqBa6-7A.VH5IVV_n4SrOuz1czHoTM0zuoVnze5tziJHWFmWNhHI
3643550247	10	OK	image/jpeg	https://00.img.avito.st/image/1/1.sjBFLrawHtlzmZzULRisT1SOHNn1hxbT8w.Ku0yq04xRL1x3ifV36s9uGV_ybPuKaMdzIZfZgrhHeo
7674137223	01	OK	image/jpeg	https://00.img.avito.st/image/1/1.11DkMrawe7nShfm0xkX6LvWSeblUm3OzUg.aOo1uJCveZnpg52BNTvpXhRJRXA3IBd3k30mfdL7FKQ
7674137223	02	OK	image/jpeg	https://00.img.avito.st/image/1/1.T4alGLaw42-Tr2Fit2kc-bS44W8VsetlEw.yU0HiRKtLT1HkZTuEjZYYOL4bOtIHFgCNhFkiCZO0t4
7674137223	03	OK	image/jpeg	https://00.img.avito.st/image/1/1.ko8LeLawPmY9z7xrIwLH8BrYPGa70TZsvQ.vB9oc3d4vpsnsEffRBQtViOGTlSCpmNSJwoQO6DTb6g
7674137223	04	OK	image/jpeg	https://00.img.avito.st/image/1/1.XJw__Law8HUJS3J4C_Up5i5c8nWPVfh_iQ.RJ3WoLUeV7rACQJrUxaV21gLzVBS8vJV76fYWM48zzs
7674137223	05	OK	image/jpeg	https://00.img.avito.st/image/1/1.S3aNFLaw55-7o2WSl2VLCZy05Z89ve-VOw.yv04S9CBt3iC5ansD0BOtNA45UdSK8k5yiaTDFDqtko
7674137223	06	OK	image/jpeg	https://00.img.avito.st/image/1/1.ZjpDfrawytN1yUjeA38OQ1LeyNPz18LZ9Q.rEpaQDboOzCdnhVXym5AMPqrgPHNpHl8bJBHyf0OJXw
7674137223	07	OK	image/jpeg	https://00.img.avito.st/image/1/1.HKtZ1LawsEJvYzJPbex60kh0skLpfbhI7w.Jm6O9X2C1_VJCKZvOAREUIUtUc7yAaUJj6I-oxfViaY
7674137223	08	OK	image/jpeg	https://00.img.avito.st/image/1/1.hf1YIbawKRRulqsZXn_ghEmBKxToiCEe7g.TITpNNIRQeZl2cwyTiKCBtSUfhcqOD85a9kVRNyADfo
7674137223	09	OK	image/jpeg	https://00.img.avito.st/image/1/1.RODAfLaw6An2y2oExCEdn9Hc6glw1eADdg.h2JsnKgSF96xlTnfWF6_UQ8Vshue7THbAS3qAqKtCU4
7354387800	01	OK	image/jpeg	https://00.img.avito.st/image/1/1.yjdBbrawZt532eTTWUnWT1DOZN7xx27U9w.1CuhrqgIFBB75etVdkSSiEnvnBQixDig-NHLZC1c2tM
7354387800	02	OK	image/jpeg	https://00.img.avito.st/image/1/1.8vZtabawXh9b3twSBTrwiXzJXB_dwFYV2w.BtIFZ_CC2DPIpaHzHsJplvlOycWFm2slx9DzGO6DYQI
7354387800	03	OK	image/jpeg	https://00.img.avito.st/image/1/1.v8YNALawEy87t5Eifw7UvxygES-9qRsluw.LENhyI1aqaO5jATLEbG0kn9iA55xX7irBJyP2wKTF58
7354387800	04	OK	image/jpeg	https://00.img.avito.st/image/1/1.VVsITraw-bI--Xu_LkcCJBnu-7K45_G4vg.YIDu8H9OKwDnpkLUtWQ65PZj5Im0EOg6m6k0jycQGYo
7354387800	05	OK	image/jpeg	https://00.img.avito.st/image/1/1.sOLzAbawHAvFtp4Gnw__xKigHgtDqBQBRQ.WD7yhIXzHD1ma4l6aQAx2iCNIE0mFy5qld7rQk2bhV8
7354387800	06	OK	image/jpeg	https://00.img.avito.st/image/1/1.MGsB0LawnII3Zx6PbYwnExBwnoKxeZSItw.PmLh_-TEKblf958y4bdiPVR0bT2jSpcGBlf51Wy2lGI
7354387800	07	OK	image/jpeg	https://00.img.avito.st/image/1/1.W1wueLaw97UYz3W4FDVaIz_Y9bWe0f-_mA.EsGrQ0Pm3BaC6eE9EXAqCxbWqW3ntT-tbjQmQ9UgXpg
7354387800	08	OK	image/jpeg	https://00.img.avito.st/image/1/1.r1DMerawA7n6zYG0nhyjL93aAbl80wuzeg.oDKusnIG_nNiks10uaDZvAObbvtCdcKAuBIhPPbHZVk
7354387800	09	OK	image/jpeg	https://00.img.avito.st/image/1/1.8YVECLawXWxyv99hKge8_1WoX2z0oVVm8g.tZg4YqwjlVLMxx5irFMBY_oalyZJ5rWMfIZwnNGJnRQ
7354387800	10	OK	image/jpeg	https://00.img.avito.st/image/1/1.51AQvLawS7kmC8m0UteYKQEcSbmgFUOzpg._Ik81boi9sRB3uNp50w3cpsZTexXk8ZlikMmQo_vMCk
8090144893	01	OK	image/jpeg	https://00.img.avito.st/image/1/1.ZWhgTbawyYFW-kuMJnABEXHty4HQ5MGL1g.DutQn_PjN0X6CocKPwOxctR6s6IO0j6odPJCaY6K89E
8090144893	02	OK	image/jpeg	https://00.img.avito.st/image/1/1.zJ1soLawYHRaF-J5ePef4n0AYnTcCWh-2g.d7g_i1_FJhUWc4nJO9tPWkK7wXu42lduQ7SpShQQLkQ
8090144893	03	OK	image/jpeg	https://00.img.avito.st/image/1/1.UJxB2raw_HV3bX54bfMZ5lB6_nXxc_R_9w.-bZhsLPwM4ane1FtK67QtcHFgXFnL-cBIZBiU6XqWcg
8090144893	04	OK	image/jpeg	https://00.img.avito.st/image/1/1.fz4N3baw09c7alHaf6BjQRx90de9dNvduw.KHCSDJYwxFTo5HGSoA2P91Lm4QBrF-NFr5t5OAEi5ss
8090144893	05	OK	image/jpeg	https://00.img.avito.st/image/1/1.jcZQTLawIS9m-6MiRmrHvEHsIy_g5Skl5g.-F1n75c4LoZrfANPh2HGBWMkqMErutzIWPh2t2yrrXI
8090144893	06	OK	image/jpeg	https://00.img.avito.st/image/1/1.M-4NGbawnwc7rh0KZ3lVlxy5nQe9sJcNuw.rIPVCmnhZHtwppYzzkFyN6FcKhYMFmm5y1ywtu17gi8
8090144893	07	OK	image/jpeg	https://00.img.avito.st/image/1/1.6sZqWbawRi9c7sQiMgbwvnv5RC_a8E4l3A.DDy-3obfQBV0yEh28o-IS_JZqHroWFcyVBTIT9ZDE-U
8090144893	08	OK	image/jpeg	https://00.img.avito.st/image/1/1.GuD7frawtgnNyTQEw3p4meretAlL174DTQ.1cO0PZmcMUII57UGskl1qz_XEb1Cm-DGhcMbsVJL2_8
7770228674	01	OK	image/jpeg	https://00.img.avito.st/image/1/1.8nZta7awXp9b3NySBRjxCXzLXJ_dwlaV2w.bp4wWky4SgzTf14nKhowd2_N1UFtcdfAhi-M64LTjUU
7770228674	02	OK	image/jpeg	https://00.img.avito.st/image/1/1.VyErGLaw-8gdr3nFCXUaWzq4-cibsfPCnQ.LFh3Ho2OSyUpsEG0GIZyfIyzEpipPQxoJhK1uphtJDk
7770228674	03	OK	image/jpeg	https://00.img.avito.st/image/1/1.U0JtH7aw_6tbqH2mR3IeOHy__avdtveh2w.YVGrYLbsAGNcXjI-9rFKteQW0cQWTbwXhdAfcd2YqWg
7770228674	04	OK	image/jpeg	https://00.img.avito.st/image/1/1.Z4ZBGLawy293r0liAyE3-VC4yW_xscNl9w.od6qkxgW6xj3KcEitWI07bWbBDNP93dMDDyR7wmF1dk
7770228674	05	OK	image/jpeg	https://00.img.avito.st/image/1/1.z1Dl1rawY7nTYeG09-nlLvR2YblVf2uzUw.uWFInXgiIOVhsqh-_nmHW5AvENQHdqALcwdBpntVil0
7770228674	06	OK	image/jpeg	https://00.img.avito.st/image/1/1.99oNBbawWzM7stk-bzKIoxylWTO9rFM5uw.Rp7izjRQ-yPdNKLy7m2DXwaR06K-C2h4M3inhSYMhyQ
7770228674	07	OK	image/jpeg	https://00.img.avito.st/image/1/1.MK2B2rawnES3bR5J7e5_15B6nkQxc5RONw.2e9mAljtRWKMgeCsuqjhbDRm1wYjwWwB425rX3aAVAI
7770228674	08	OK	image/jpeg	https://00.img.avito.st/image/1/1.aQzmzbawxeXQekfouJh7dPdtx-VWZM3vUA.wGD4fjf7t2Ft1UgAUC2oyqraq7ht7Q-n04VUvKMyXXU
2395185225	01	OK	image/jpeg	https://00.img.avito.st/image/1/1.TGG51Law4IiPY2KFrY0_G6h04ogJfeiCDw.v-ZQYE85K9-xCaeqo5CpUiPNpfxyEn2QfZKT8-CP1ms
2395185225	02	OK	image/jpeg	https://00.img.avito.st/image/1/1.QQVH4raw7exxVW_hSbsyf1ZC7-z3S-Xm8Q.jmLWDXSf5JhABSw125UuoEGW2HqjEXWYVtvaMlNlHC0
2395185225	03	OK	image/jpeg	https://00.img.avito.st/image/1/1.lcMgTLawOSoW-7snBlLauTHsOyqQ5TEglg.h2nfNFPOJd2eWPWxWNc0WRmVilXCHk5zzO_ANWC6u3U
2395185225	04	OK	image/jpeg	https://00.img.avito.st/image/1/1.C5AK6Lawp3k8XyV0ENB-6htIpXm6Qa9zvA.3bnYhz0QKTod1_0Y4xl_1Ap9N7Ii_1fiYCvN5cC0yXI
2395185225	05	OK	image/jpeg	https://00.img.avito.st/image/1/1.W113mLaw97RBL3W5TekMImY49bTHMf--wQ.1I-ZChmkldydL27wN-oOxeDeBboq3L-aVFmSJnHqJI0
2395185225	06	OK	image/jpeg	https://00.img.avito.st/image/1/1.ORqbTbawlfOt-hf-5XVMYIrtl_Mr5J35LQ.Dcl1nvp5bHCkeEfinwsUh53LQYdO7rJ_30KfF_Pkmyo
2395185225	07	OK	image/jpeg	https://00.img.avito.st/image/1/1.RHDBKbaw6Jn3nmqUxWQ2CtCJ6plxgOCTdw.1uoT9_DARta-gQ7La8I4HPw5da5LIM_-h8SAUk-EOeY
2395185225	08	OK	image/jpeg	https://00.img.avito.st/image/1/1.BQZTLbawqe9lmiviVT0HeUKNq-_jhKHl5Q.Arqg9rYKRmXqznlj1semWm5PL5-yC4LESHhini6rsZs
2395185225	09	OK	image/jpeg	https://00.img.avito.st/image/1/1.t1B8VLawG7lK45m0Hm77Km30GbnM_ROzyg.FU4EjbjpKEy6lZsl10JOPv3AR91PcYPt89MEBAI6EYU
2395185225	10	OK	image/jpeg	https://00.img.avito.st/image/1/1.e5ABJLaw13k3k1V0ex197xCE1Xmxjd9ztw.OfbOowEexN_6rFCyFLTQVZXONgKN4CGsMp4_6rWXSvs
2618824477	01	OK	image/jpeg	https://00.img.avito.st/image/1/1.wgkbf7awbuAtyOztEwDUcQrfbOCr1mbqrQ.YRcKE2Qbsy6lAzrZRpo_h4oiRpYJsZB_V3ZLekVvFSo
2618824477	02	OK	image/jpeg	https://00.img.avito.st/image/1/1.u5ABL7awF3k3mJV0e3W_7xCPFXmxhh9ztw.woKvH1Pq1aZw6lYxTe0Oc1guZEtY1Db5w894m4spISc
2618824477	03	OK	image/jpeg	https://00.img.avito.st/image/1/1.Ny8BGLawm8Y3rxnLYyBCVRC4mcaxsZPMtw.Kjp3TCtlnvhMwj-MTgpf6iv7Vf5BEeNKXSOm7fEp4_E
2618824477	04	OK	image/jpeg	https://00.img.avito.st/image/1/1.xl1bfrawarRtyei5Wx2WIkreaLTr12K-7Q.d1ffpb2m2fFEm3fUE-asJgRezlkOpbPC9vwrubQX7Bw
2618824477	05	OK	image/jpeg	https://00.img.avito.st/image/1/1.Vjspfraw-tIfyXjfCVc1Qjje-NKZ1_LYnw.WWTi55uJJ-D9hnzi-leYeI_1BoULiWmAwXIxAUI-lm0
2618824477	06	OK	image/jpeg	https://00.img.avito.st/image/1/1.qjDW_rawBtngSYTUjrz9T8deBNlmVw7TYA.pSxAkk6sB0cWbu-WvTYcWMn0-YfC9YeZc7s-Icbb4DY
2618824477	07	OK	image/jpeg	https://00.img.avito.st/image/1/1.WJ-Q1Law9HamY3Z7rOU75oF09nYgffx8Jg._6u0KgZsijZGhDIX_iiwscnzor1tGiyjxtx4Mi4saK0
2618824477	08	OK	image/jpeg	https://00.img.avito.st/image/1/1.nQXObbawMez42rPh-F-Cfd_NM-x-xDnmeA.cGJsDon00KVUDc3vloKz1RY4V4tB0xIDUg1SY4TQWdY
2618824477	09	OK	image/jpeg	https://00.img.avito.st/image/1/1.jV5YTrawIbdu-aO6TmzfIUnuI7fo5ym97g.UArTkLbSNgH8f781UlELwQ9L8Pcsk3YWdk8WRHjSZHE
2618824477	10	OK	image/jpeg	https://00.img.avito.st/image/1/1.0ja3nrawft-BKfzSn4W1T6Y-fN8HN3bVAQ.yJESKEXJfQTXaBcyoGkTcKiKm-AEyoP8qMxQxPFn74w
trendo_msk	01	OK	image/jpeg	https://00.img.avito.st/image/1/1.WjdATraw9t52-XTTeCNGT1Hu9N7w5_7U9g.6yGhiqkj-65sfnOW-WebCaSAzP1ITEqFd21nHHHKTLI
trendo_msk	02	OK	image/jpeg	https://00.img.avito.st/image/1/1.ldjbbrawOTHt2bs8_QzB5ubOOzFrxzE7bQ.HZ3TTYAxiSIe3H0UhycrtMGmsphTb1sgDQl4if10vqM
trendo_msk	03	OK	image/jpeg	https://00.img.avito.st/image/1/1.t5g8DrawG3EKuZl8XgD6oAGuGXGMpxN7ig.tVTQzWAF-hDaMp6mn5V9HzM75SdUUzHrkDjd9oGN7iU
trendo_msk	04	OK	image/jpeg	https://00.img.avito.st/image/1/1.aRlXzbawxfBhekf9CZAgY0Ztx_DnZM364Q.zVKs9ubeuze3Aux1bM5Zx412kdRpw8yvIlGQkbMrQYQ
trendo_msk	05	OK	image/jpeg	https://00.img.avito.st/image/1/1.CQVoj7awpexeOCfhdr8Menkvp-zYJq3m3g.imfWAqs8YWNQDfDeLmSR6wiVVtogAl58rejuGfLPFkY
trendo_msk	06	OK	image/jpeg	https://00.img.avito.st/image/1/1.otIbfrawDjstyYw2U0DZqwreDDur1wYxrQ.hssxSJoveYeJlxCtLO87HJGmufr-6NyZ2SjM18IdNnI
trendo_msk	07	OK	image/jpeg	https://00.img.avito.st/image/1/1.tQSXBbawGe2hspvg8QPzfoalG-0nrBHnIQ.TfamfjLa8ZfOvpK-2xpZJwBEpxVH3txucW57gu90xSs
trendo_msk	08	OK	image/jpeg	https://00.img.avito.st/image/1/1.tjZTPLawGt9li5jSMxb9TEKcGN_jlRLV5Q.v0TkgVrriV0xKjIpDS66vQ4vWWJQcAg1oFKOssa1gBs
trendo_msk	09	OK	image/jpeg	https://00.img.avito.st/image/1/1.uFzFB7awFLXzsJa4uRmrJNSnFrV1rhy_cw.A7lELhLRSAXZ2aHd79Zm251dlLrr7ZqwnZ9HKJpTAWM
trendo_msk	10	OK	image/jpeg	https://00.img.avito.st/image/1/1.7VVY3rawQbxuacOxDtX3LUl-Q7zod0m27g.Wwh6WIhiIqA61YOQNYjU--5JPxz1VH4GZ0pfiGl3N9w
2011886361	01	OK	image/jpeg	https://00.img.avito.st/image/1/1.XjYACbaw8t82vnDSMHQMSRGp8N-woPrVtg.Vs12bi4AbvD9F95Fmemr-sUi-v6mdRVIfi7ZLPuRtJE
2011886361	02	OK	image/jpeg	https://00.img.avito.st/image/1/1.YDUB17awzNw3YE7RTeocTBB3ztyxfsTWtw.95r5mGR2pBdrp4VlLx5BGB-TaHWX42JvF-RKd-mcpgI
2011886361	03	OK	image/jpeg	https://00.img.avito.st/image/1/1.7mZrc7awQo9dxMCCOxCNH3rTQI_b2kqF3Q.xrV5b4jDZy6WvwRCw1BsPKhcb3XbqiSqZ_R0Zn7YOD0
2011886361	04	OK	image/jpeg	https://00.img.avito.st/image/1/1.2FzCvbawdLX0Cva4_oK8JdMddrVyFHy_dA.RwuRYfCmBBElJHmySZ_2tzauDtGv_Zp1JD2Z0E0jBZA
2011886361	05	OK	image/jpeg	https://00.img.avito.st/image/1/1.nQZW5bawMe9gUrPiYJOaeUdFM-_mTDnl4A.BYw5kv5mNh-eMDUbtFL8ro56tUdQVqI9jGaVGI02Ufk
2011886361	06	OK	image/jpeg	https://00.img.avito.st/image/1/1.VldTfraw-r5lyXizcz9WKELe-L7j1_K05Q.6zdu07BOWjoFZhGB8F1GhTCzJVCEzd1QoQskrlJ_oqY
2011886361	07	OK	image/jpeg	https://00.img.avito.st/image/1/1.vi1rb7awEsRd2JDJGyG_VXrPEMTbxhrO3Q.8ls-lM_Iwq7oBUhLt5kWTW_LYo4gGYkMh24NuyjCP1o
2011886361	08	OK	image/jpeg	https://00.img.avito.st/image/1/1.B1B8crawq7lKxSm0fgZLKm3SqbnM26Ozyg.5TgP0bR9NebzU2LBA-05BQMI8a80yc2QytSo5G5qKyY
2011886361	09	OK	image/jpeg	https://00.img.avito.st/image/1/1.sJhh1LawHHFXY558Dfat4HB0HnHRfRR71w.5Qh2S31nPpEKp7WuJRznjK0rLXYsr18DMlqVEsz776s
2011886361	10	OK	image/jpeg	https://00.img.avito.st/image/1/1.vPDAUrawEBn25ZIUtBy5j9HyEhlw-xgTdg.WO-Aj9grElPIHN3DDDmNc8UrlQ4z2cxBNSmHtFi1Q9Y
7450262731	01	OK	image/jpeg	https://00.img.avito.st/image/1/1.gQVt3bawLexbaq_hY__Renx9L-zddCXm2w.E1tAGrDlCX5Ont9o2RnB05crAdmboFm5Hdi5ZbPaPTc
7450262731	02	OK	image/jpeg	https://00.img.avito.st/image/1/1.ZNKJ1LawyDu_Y0o2zb1xqph0yjs5fcAxPw.pZlNw_eSjtZ8nW6ZiCtOVdID-CUTABC8SUa6FRryt0k
7450262731	03	OK	image/jpeg	https://00.img.avito.st/image/1/1.sJ-uVLawHHaY4557wg7U5r_0HnYe_RR8GA.Uk2Thc-_KGkFnKCb7Xl4uxmIjbNMYNeZbS_B35Ov_pA
7450262731	04	OK	image/jpeg	https://00.img.avito.st/image/1/1.65APY7awR3k51MV0VTj86B7DRXm_yk9zuQ.wbEIOVou9UpmSrJauwZ9AYb4uJ31CIBvX55K_rS_IlQ
7450262731	05	OK	image/jpeg	https://00.img.avito.st/image/1/1.RFDBmraw6Ln3LWq0xfdQKNA66rlxM-Czdw.kz9AoRDBGTA3m4ttFXSaPe9WD7MPY_K_heExQbqcv5s
7450262731	06	OK	image/jpeg	https://00.img.avito.st/image/1/1.WIHa1Law9GjsY3Zl5sVy_8t09mhqffxibA.ldZjxB5_nxQA8DWdpVOPBy9oVJQM34-JIHP-eNJvu70
7450262731	08	OK	image/jpeg	https://00.img.avito.st/image/1/1.BjZ5kLawqt9PJyjSeYgYTmgwqN_JOaLVzw.jVPpuoKZXkny2DLsKIwG1TnhRHpNKxYFIf2M7hwWjLI
7450262731	09	OK	image/jpeg	https://00.img.avito.st/image/1/1.ozAtFbawD9kboo3UZzPyTzy1DdmdvAfTmw.IROOocwnUdsw1lKBetde7yWjyVJG4Vkz5_0Y4s7ejFQ
7450262731	10	OK	image/jpeg	https://00.img.avito.st/image/1/1.-OFBzLawVAh3e9YFPbf-nlBsVgjxZVwC9w.FALltn1DVinPtQWYYqIXUmngelcC6QxR-mFoT0PLIqk
7962536608	01	OK	image/jpeg	https://00.img.avito.st/image/1/1.LEwB1bawgKU3YgKoVbUEMhB1gqWxfIivtw.s-pbZWuY9wWai3l0YfyD6g0sY_SIkh8hbC4RTCpZzpc
7962536608	02	OK	image/jpeg	https://00.img.avito.st/image/1/1.a1JI-Lawx7t-T0W2EuVzKllYxbv4Uc-x_g.Q7YnGvCSMZ8-HrIznk5CtK85HvNSnfbP2X3p95FxWXg
7962536608	03	OK	image/jpeg	https://00.img.avito.st/image/1/1.IQVovLawjexeCw_hJpQnenkcj-zYFYXm3g.FI-dwZTthW1mSqXvG4GpVG8sAN614GcF92uqwaxRPPM
7962536608	04	OK	image/jpeg	https://00.img.avito.st/image/1/1.N7mHGLawm1Cxrxld5SwYx5a4mVA3sZNaMQ.qA1QWM4JoY4Nz2t29A9IMI3Sx_T5fTwQiQKfJtyVtf0
7962536608	05	OK	image/jpeg	https://00.img.avito.st/image/1/1.-WhYRLawVYFu89eMJg_mEEnkV4Ho7V2L7g.GviUKSbFc02BwICF70klDi-5TzH7FC_5i-9xElzGdgk
7962536608	06	OK	image/jpeg	https://00.img.avito.st/image/1/1.h3wNPbawK5U7iqmYD0eaBBydKZW9lCOfuw.Dy0pRpcIhKSO8oVjo2s8AUf69DfQTjTgOIcPefKS4yw
7962536608	07	OK	image/jpeg	https://00.img.avito.st/image/1/1.0QytTbawfeWb-v_og0bHdLztf-Ud5HXvGw.bUQja06YyM-heF-rr0BljeabcIc3bIrrJonq73HBGTQ
7962536608	08	OK	image/jpeg	https://00.img.avito.st/image/1/1.qjB0vrawBtlCCYTULOysT2UeBNnEFw7Twg.VBckhFsHvjBhOCcMAdA4DvG6Yl3GUDIC-DAo-oF5KmI
7962536608	09	OK	image/jpeg	https://00.img.avito.st/image/1/1.QYVH8raw7WxxRW9hSa8z_1ZS72z3W-Vm8Q.RL-heSnNIiXmqyVcigC5iri3EV5jtu7HYhJsTYMD8h0
2971324590	01	OK	image/jpeg	https://00.img.avito.st/image/1/1.r1DOrrawA7n4GYG0nOCoL98OAbl-BwuzeA.lmbi2NcsIksZ4kT4UfTFps2P3j8rTC7zM4BeFSOqv7Q
2971324590	02	OK	image/jpeg	https://00.img.avito.st/image/1/1.c1Gk2Law37iSb121zsEQKLV43bgUcdeyEg.ITkx0QlbKkL66Qd6hDNcNEYqpPGuxRZhcCgVlNBRf_Q
2971324590	03	OK	image/jpeg	https://00.img.avito.st/image/1/1.YenYfbawzQDuyk8NljhmlsndzwBo1MUKbg.NDBfgCRLu8j1yNUrHJOLANmrTxr0WnqW3fi2ibTTOVw
2971324590	04	OK	image/jpeg	https://00.img.avito.st/image/1/1.r1B99LawA7lLQ4G0L47lKmxUAbnNXQuzyw.sCa3eFDwvhn8gNzuQuyQo9kIHgVXYE5cbXLtIJ_lov8
2971324590	05	OK	image/jpeg	https://00.img.avito.st/image/1/1.ajdB7rawxt53WUTTGet2T1BOxN7xR87U9w.mOJ6k48yoigDRTWQKWOhFaLlHGtSebAC3-1JzzBQgqI
2971324590	06	OK	image/jpeg	https://00.img.avito.st/image/1/1.G9ptFrawtzNboTU-V3owpHy2tTPdv7852w.jPqJM6SGZqVeytcRxJvgFuxPVigkdd7b4A3n53Zvzq8
2971324590	07	OK	image/jpeg	https://00.img.avito.st/image/1/1.ZKah1LawyE-XY0pC5ZUZ37B0yk8RfcBFFw.lnTXN0lW7Dtmx9RYKKI98Y9l71ldvRAD9rGAxAGTMgw
2971324590	08	OK	image/jpeg	https://00.img.avito.st/image/1/1.p3bFGLawC5_zr4mShyq1DtS4CZ91sQOVcw.JewEaliGC28CZ35FwZGnW8DbVDIvexYD2i723ZbS-k8
2971324590	09	OK	image/jpeg	https://00.img.avito.st/image/1/1.4RlbTbawTfBt-s_9FXaoY0rtT_Dr5EX67Q.8vSGLyUHIcdGSXi_Us-awv-X40vkUOQH-QH8e05h1Bc
2971324590	10	OK	image/jpeg	https://00.img.avito.st/image/1/1.HRAATrawsfk2-TP0NkIBbxHus_mw57nztg.fFqUnGXcdtSVsI0xnTaij1bwW0Gaj0Op6JcBYDs8i00
7994734137	01	OK	image/jpeg	https://00.img.avito.st/image/1/1.zJyJ0LawYHW_Z-J4nffV5JhwYnU5eWh_Pw.GydYN6huOfQp9dzOaRy6AA9-TBNvoKe6xtoW3WHh9VU
7994734137	02	OK	image/jpeg	https://00.img.avito.st/image/1/1.AJh_VLawrHFJ4y58cxwe4G70rnHP_aR7yQ.PikIXH5W-rcGwI6ysL4SAW0rIpW8uxJumn1tqgun8E0
7994734137	03	OK	image/jpeg	https://00.img.avito.st/image/1/1.2QViLLawdexUm_fhXAf2e3OMd-zShX3m1A.N_uzYnc1C4J2Ir3VkvXWJBoKyO8T4Nhxb1XpxT0Hofw
7994734137	04	OK	image/jpeg	https://00.img.avito.st/image/1/1.-KPBybawVEr3ftZHvZrW3dBpVkpxYFxAdw.Pm0sYYaJXhxdafAQKooSSbovAFD3Nn2eewPaSypMe84
7994734137	05	OK	image/jpeg	https://00.img.avito.st/image/1/1.9vRrRrawWh1d8dgQC225jnrmWB3b71IX3Q.mLEvMyZrUaWmPmrS3B9ZMtmMHUs3xFhlQ-a0Z_b-cZA
7994734137	06	OK	image/jpeg	https://00.img.avito.st/image/1/1.QJzP-baw7HX5Tm54w4gM5t5Z7nV_UOR_eQ.9qGnZTuTe66X21ecOZqzQ3wfTha8kM_TS3ZotTRn6-g
7994734137	07	OK	image/jpeg	https://00.img.avito.st/image/1/1.nQXO_bawMez4SrPh-IeCfd9dM-x-VDnmeA.Zq5Ksw9ztKshYv5rAyf4iNuPI2NEMRfNPi12E1lreQQ
7994734137	08	OK	image/jpeg	https://00.img.avito.st/image/1/1.ZQmgTrawyeCW-Uvt5hNgdrHuy-AQ58HqFg.lYto-sntTCjIXzgeGiME2RgJk06-_cS_-U0Ks0IOeB8
7994734137	09	OK	image/jpeg	https://00.img.avito.st/image/1/1.QvZo8Law7h9eR2wSYOEMjHlQ7B_YWeYV3g.CiDmXbtU37Vi6zF9uI2Ys9VE6WM0ccu_idojlAL9Zec
7386186381	01	OK	image/jpeg	https://00.img.avito.st/image/1/1.9BjAULawWPH259r8pHf0Z9HwWvFw-VD7dg.Ds_25GTBhZu8nSr3rlJ9TBvo-0QYy3TcJEK31bFE4N4
7386186381	02	OK	image/jpeg	https://00.img.avito.st/image/1/1.HGJN1LawsIt7YzKGefhoGFx0sov9fbiB-w.WiGqMkgZJk1rsZr3_DzuKwIfV4eQ-oJBVPbHATpUKPE
7386186381	03	OK	image/jpeg	https://00.img.avito.st/image/1/1.F0wNZrawu6U70TmoL35mNhzGuaW9z7Ovuw.Z_2kUarff1tnKThqH9ZfvyS_wmCXGYfZqaq_DdwdQd4
7386186381	04	OK	image/jpeg	https://00.img.avito.st/image/1/1.1J1F_LaweHRzS_p5YffV4lRcenT1VXB-8w._XksKGPnx926cP3f0nd6pnSu-mH1C58EKI0EbmGVLrw
7386186381	05	OK	image/jpeg	https://00.img.avito.st/image/1/1.kW3yvLawPYTEC7-J3NqOSqkdP4RCFTWORA.24ghOTf4N9aEtGNQCrq25jmZP08vLtLW_ZBW8MTXIzo
7386186381	06	OK	image/jpeg	https://00.img.avito.st/image/1/1.SsKrfbaw5iudymQms2w5uLrd5Csb1O4hHQ.9kDlRsy4cjhwN8hb-Y571uJ2aoR5bLc4P0V-sYUUGko
7386186381	07	OK	image/jpeg	https://00.img.avito.st/image/1/1.EYVH2LawvWxxbz9hadRh_1Z4v2z3cbVm8Q.-N57P7v-0sgSofoiiiuhJxDAbFXIPLPLAbtbyxhEz00
7386186381	08	OK	image/jpeg	https://00.img.avito.st/image/1/1.PQZTfbawke9lyhPiJUU_eULdk-_j1Jnl5Q.G2oFLziTR4kRcCNtyZEbNpw-X-UcqZZSFd-nUDm-7FA
7386186381	09	OK	image/jpeg	https://00.img.avito.st/image/1/1.bJw9YLawwHUL10J4aXUc5izAwnWNych_iw.PAZ9sfvTdueMsZegkqmbKjGTEOfNKFyY5X67muylrDk
7386186381	10	OK	image/jpeg	https://00.img.avito.st/image/1/1.-iYreLawVs8dz9TCU0v7WTrYVM-b0V7FnQ.3617mzHPL42UKVJM_dHq8k3yrveZZJRns1AwJIIwOMM
7674813560	01	OK	image/jpeg	https://00.img.avito.st/image/1/1.wFJB27awbLt3bO62TZCwKFB7brvxcmSx9w.znRx6ozkb5wSIFJbI6ELz5PFqUnTzTj8DWfPYrW6Tao
7674813560	02	OK	image/jpeg	https://00.img.avito.st/image/1/1.9olrHLawWmBdq9htC0Pq9nq8WGDbtVJq3Q._o3qH_RF0GhEzUfenZ0rqtKZTWFi1aDuS9mECZai6OA
7674813560	03	OK	image/jpeg	https://00.img.avito.st/image/1/1.T5PxGLaw43rHr2F340FJ7OC44XpBsetwRw.BVCePrGcF-lNW4aMUk3gYhjlhl_AhhQUg-G5T9tZT7w
7674813560	04	OK	image/jpeg	https://00.img.avito.st/image/1/1.3DTBnbawcN33KvLQ9ZbGTNA9ct1xNHjXdw.QapyHLIHZoSP5saWON5SrV0Sx52uRwF0WUAc2xUOvn0
7674813560	05	OK	image/jpeg	https://00.img.avito.st/image/1/1.NXMITbawmZo--huXbkVKChntm5q45JGQvg.VT4g-2BBlWtK9beOYFdar4STNUOPR7AF7TuFyYRlM_s
7674813560	06	OK	image/jpeg	https://00.img.avito.st/image/1/1.og57f7awDudNyIzqM1m3dmrfDOfL1gbtzQ.AJy1UzNcHl3C_WlXOC4A5qRa3Ixuv_qWRt92hm2UPHA
7674813560	07	OK	image/jpeg	https://00.img.avito.st/image/1/1.sJghlLawHHEXI558TbKl4DA0HnGRPRR7lw.7gZ6LOQ77x0dIec4CHbirWfCFu1Aat1gmfq_Ysf_CTY
7962180600	01	OK	image/jpeg	https://00.img.avito.st/image/1/1.lyAJGLawO8k_r7nEKzLeWhi4Ocm5sTPDvw.02k6L3Mkw07Iy66zrRKo152UM4jaCIeKeTZALhS4M2c
7962180600	02	OK	image/jpeg	https://00.img.avito.st/image/1/1.OT84zbawldYOehfbRukWQSltl9aIZJ3cjg.CbWe6vDyY_vscdlZPplctzf5SvUhW1MoI0os-1DatqA
7962180600	03	OK	image/jpeg	https://00.img.avito.st/image/1/1.FxQNzrawu_07eTnwL-ZHaxxuuf29Z7P3uw.XJYFvGAGOtve5krM1K8C_lrHqZvqRupgc2DbtldYv7o
7962180600	04	OK	image/jpeg	https://00.img.avito.st/image/1/1.oLkBybawDFA3fo5dTbeNxxBpDlCxYARatw.dl6r1JMrfV1fsH8tZZ5hf1bbIq4sYp0MrHgpDpG_5u8
7962180600	05	OK	image/jpeg	https://00.img.avito.st/image/1/1.tJ1KaLawGHR835p5Lnaq4lvIGnT6wRB-_A.ftTs-EbkqHwST355CWeswQ0KwQWiLL36U-rTl9ecO8s
7962180600	06	OK	image/jpeg	https://00.img.avito.st/image/1/1.EmZtZ7awvo9b0DyCRRMXGXzHvI_dzraF2w.UU3TNP1_dto7VWw_FNnu0YHHWkMbFJuDlJZhKnKkSvU
3003309718	01	OK	image/jpeg	https://00.img.avito.st/image/1/1.AQJjzbawretVei_mbbF7e3Jtr-vTZKXh1Q.fkg7hPnIjP_cyxPogFH1WybxscKl9utlmefQC_bLjm4
3003309718	02	OK	image/jpeg	https://00.img.avito.st/image/1/1.-ZvYS7awVXLu_Nd_phyZ4snrV3Jo4l14bg.DX2_kXufRwp5o1eTdLG_8kDWSsXO2PBaXtOoY8PLNqk
3003309718	03	OK	image/jpeg	https://00.img.avito.st/image/1/1.ZjjSfrawytHkyUjckjsaQcPeyNFi18LbZA.ievWDT6LRIeLqtXTQiksvXCR3L9RlrsPL3bAzWQV9mo
3003309718	04	OK	image/jpeg	https://00.img.avito.st/image/1/1.0IYr1LawfG8dY_5iB9eE-Tp0fm-bfXRlnQ.PFLGsMEtSvCZnyStZkmPKVc-IYcH9ekpzAvRQoS-xFs
3003309718	05	OK	image/jpeg	https://00.img.avito.st/image/1/1.ExADhLawv_k1Mz30Kaw9bhIkvfmzLbfztQ.iinpAjz0cqK_YADLkhGqYTP-JkUuwaZXe-NWjrEREbA
3003309718	06	OK	image/jpeg	https://00.img.avito.st/image/1/1.PjZlrrawkt9TGRDSFc5BT3QOkN_VB5rV0w.9z7GCKuXk4FY9jxPxDzu6EWGKWnEdh86Q9iL4z2gua8
3003309718	07	OK	image/jpeg	https://00.img.avito.st/image/1/1.euZrrLaw1g9dG1QCE7kan3oM1A_bBd4F3Q.bgFEoSTEU8M7wRIjyzkmDlfzCdk18E-9RuR4_Cgzses
3003309718	08	OK	image/jpeg	https://00.img.avito.st/image/1/1.1jZT37awet9laPjSc_iaTEJ_eN_jdnLV5Q.9rMXfK-Zl47ILpbLm1x4u-MQv_YsSp7KcnAIW2PyJBQ
3003309718	09	OK	image/jpeg	https://00.img.avito.st/image/1/1.OjaGfrawlt-wyRTS_h5FT5felN82157VMA.XlCty5sGoeScp3gpPNYC-1wy4du1NB_sIEBaBcLPUQY
3003309718	10	OK	image/jpeg	https://00.img.avito.st/image/1/1.otI7frawDjsNyYw2c0jZqyreDDuL1wYxjQ.mNkCiCQQD0iQS0nRwRwLO1_LOZwoQMvoV_Qh774Gj_U
8058084498	01	OK	image/jpeg	https://00.img.avito.st/image/1/1.x5K5GLawa3uPr-l2u1PE7ai4aXsJsWNxDw.dj9giOSsb0jjidagdb8DHJxKY2idAF9gHxAC9VoOQSM
8058084498	02	OK	image/jpeg	https://00.img.avito.st/image/1/1.qRknTbawBfAR-of9eRfnYzbtB_CX5A36kQ.fkxaOHvmViivWHJX30d-EUyBj6IMbBGa_jtMyvcputE
8058084498	03	OK	image/jpeg	https://00.img.avito.st/image/1/1.gNzCR7awLDX08K44zlH7pdPnLjVy7iQ_dA.h4EPk2xpanu6l8Kmj67nHY5W1V03qbQcPGlxtA8L4ac
8058084498	04	OK	image/jpeg	https://00.img.avito.st/image/1/1.KCWBzLawhMy3ewbB3fg2WpBshswxZYzGNw.9GKgPxlgXjcpGywablS7cFilAbCNO0Rh8_FxEAmk5_c
8058084498	05	OK	image/jpeg	https://00.img.avito.st/image/1/1.r1AqDrawA7kcuYG0eAC6KDuuAbmapwuznA.3UfsWN7WnXJ-XYWGapGPj2kv3wpiN7SvMyjGcgxQSY4
8058084498	06	OK	image/jpeg	https://00.img.avito.st/image/1/1.8FzCZrawXLX00d64rmmPJdPGXrVyz1S_dA.Zs7kMabPUrru0DJUpldAhI6gB6fKa0sRZgu4M0NLBX4
8058084498	07	OK	image/jpeg	https://00.img.avito.st/image/1/1.WISalLaw9G2sI3ZgpoFa-4s09m0qPfxnLA.EzgU7b-6N-MUrJ_SWnR1n3GD3GHMv0QJi-Inz4hj6X8
8058084498	08	OK	image/jpeg	https://00.img.avito.st/image/1/1.kc3YRLawPSTu878p9iKEtcnkPyRo7TUubg.0UaeIRBY4wgM7sar-3CAy70omLmvL_lY36ibvSpbC7g
8058084498	09	OK	image/jpeg	https://00.img.avito.st/image/1/1.s1w8WLawH7UK7524VlK2Iy34HbWM8Re_ig.yURSxoNqPtP73coDwS1KnwHQliWkR85a36YWpTvqdKg
8058084498	10	OK	image/jpeg	https://00.img.avito.st/image/1/1.jBe51bawIP6PYqLzrY-TaKh1Iv4JfCj0Dw.cT6Lw0VMiuh_JNip0LeABX4B7zp1dXYfwYis94_BDUg
2234993076	01	OK	image/jpeg	https://00.img.avito.st/image/1/1.DITAXrawoG326SJg1GYR-9H-om1w96hndg.aS_uAjae5Z2qWOljTFfs3AiRgZsU9Xi-_if3ObpvxBI
2234993076	02	OK	image/jpeg	https://00.img.avito.st/image/1/1._lSefrawUr2oydCw7gngK4_eUL0u11q3KA.yftNr5ZPc27kQdbCocKt8atQQhMQJe_sTzxiB1afBFQ
2234993076	03	OK	image/jpeg	https://00.img.avito.st/image/1/1.7DzBmbawQNX3LsLYlZr-RNA5QtVxMEjfdw.QXGKnVersdc41uZZaplk_cgH-XgEkrfTw4oxfG_g0Ss
2234993076	04	OK	image/jpeg	https://00.img.avito.st/image/1/1.CQVEHbawpexyqifhWj1Ff1W9p-z0tK3m8g.CjSuzpw1y-s_dffczAph-k9wSRp4WOuEkan66E0vlnQ
2234993076	05	OK	image/jpeg	https://00.img.avito.st/image/1/1.aTD1TbawxdnD-kfUqwQ6T-Ttx9lF5M3TQw.Fo_rukm8OdTWp33c4lq0yX4lpHa8N6q_NRGJQGXBDiA
2234993076	06	OK	image/jpeg	https://00.img.avito.st/image/1/1.SL-Bybaw5Fa3fmZbndxlwZBp5lYxYOxcNw.RTFuFa2WZNY3GFzWaWGZOe1mf3EHWArHk3_f6eAYDFU
2234993076	07	OK	image/jpeg	https://00.img.avito.st/image/1/1.njZmm7awMt9QLLDSVq34T3c7MN_WMjrV0A.iwHXffR3zBCEtSkrfl9n3n6oxVBEOK0EXRTCTbuskn0
2234993076	08	OK	image/jpeg	https://00.img.avito.st/image/1/1.RjprbLaw6tNd22jea31fQnrM6NPbxeLZ3Q.mF-kpFEug-8ZS3n-T1cvoZlOk9trXs-bpPI0Y7z6Zdg
2234993076	09	OK	image/jpeg	https://00.img.avito.st/image/1/1.r1AXDLawA7khu4G0RQbOKQasAbmnpQuzoQ.1PFyXxZm7Ru7cXLmwo3BzvVclzKEetpM8-67lLO_OK0
2234993076	10	OK	image/jpeg	https://00.img.avito.st/image/1/1.qja5rrawBt-PGYTS4bjKT6gOBN8JBw7VDw.naVzE0_A_nMte6AbqlfixJHF0mVImfq5qBm_6SaY4_g
2267405300	01	OK	image/jpeg	https://00.img.avito.st/image/1/1.11DkWrawe7nS7fm0xn37LvX6eblU83OzUg.aVGco2Tb_hb0taMsT-PX13TO_DmiDrxdVt_Ta_pCLQ0
2267405300	02	OK	image/jpeg	https://00.img.avito.st/image/1/1.QzAMrLaw79k6G23UBoEnSR0M7dm8BefTug.LX_r5l6YcmApoWBMBsthYCMqXpNfXi191vaFZjzgadE
2267405300	03	OK	image/jpeg	https://00.img.avito.st/image/1/1.VdWS4Law-TykV3sxtKUM98lB-zwiSfE2JA.UfJzpAlxprYpXPJGL4_3uzo5Fx42TjY6YQ_DJB5DzdM
2267405300	04	OK	image/jpeg	https://00.img.avito.st/image/1/1.nJ0TPLawMHQli7J5J3aw4wKcMnSjlTh-pQ.rMeyDZaXEpCy1fPK_POMe1XnPdF2c8vUIW6koDOWzBo
2267405300	05	OK	image/jpeg	https://00.img.avito.st/image/1/1.MbXYS7awnVzu_B9Rtm9TzMnrn1xo4pVWbg.TqnLpp7sMho4kz-5Jysa4epSlYLGekeh2D5z9PnY0b0
2267405300	06	OK	image/jpeg	https://00.img.avito.st/image/1/1.OIS6VLawlG2M4xZgxkw--6v0lm0K_ZxnDA.DG68dhzNRTfhwJfNsIaDmt_wI6fFipzjhFLQZ5lTPc0
2267405300	07	OK	image/jpeg	https://00.img.avito.st/image/1/1.ML2BybawnFS3fh5Z7f0dw5BpnlQxYJReNw.ePO_Jw9-B9GixLs3stH4UXfveR5bKc6KTw0QQrcJEck
2267405300	08	OK	image/jpeg	https://00.img.avito.st/image/1/1.gsZsO7awLi9ajKwiZGWpuH2bLC_ckiYl2g.SOkspHp-JNyH1XefwwCIpF2flFLXPG3cNUkJ3y6mG8M
2267405300	09	OK	image/jpeg	https://00.img.avito.st/image/1/1.3f_7xbawcRbNcvMbzZrcwaBkcxZLbHkcTQ.6EMAjxA01xiSwGGQX8Ue1MTC7AEG4_fR8CoZuKTMOO0
2267405300	10	OK	image/jpeg	https://00.img.avito.st/image/1/1.011uOLawf7RYj_25RH-CIn-YfbTekXe-2A.sAbRCNJBTK95rFLgu9ApDDJ97SIOIqY7ijQzplbiXCA
4123349675	01	OK	image/jpeg	https://00.img.avito.st/image/1/1.dQb65baw2e_MUlvinJBeeOtF2-9KTNHlTA.JtHzd4c8VUQZRWCUbjVjlNo5X7OuXjv36J7r05mRO94
4123349675	02	OK	image/jpeg	https://00.img.avito.st/image/1/1.wOYB2rawbA83be4CDdWGnBB6bg-xc2QFtw.ulWVDl2pDYVe9hV_qBPho_l_2tck4XwA9vyOLO6eRbA
4123349675	03	OK	image/jpeg	https://00.img.avito.st/image/1/1.PjYKjLawkt88OxDSeuQ4SRsskN-6JZrVvA.tdK7vqI0H-h3k8g7Iqdmjc5lCU280TfZ6VN2Nozqe8A
4123349675	04	OK	image/jpeg	https://00.img.avito.st/image/1/1.oUxYRLawDaVu84-oFi68NEnkD6Xo7QWv7g.8zpPVwzTj_pwZ8VA6btk6fpjynuVJOxA5C8497ZR19s
4123349675	05	OK	image/jpeg	https://00.img.avito.st/image/1/1.Jn9rCrawipZdvQibKw4NAXqqiJbbo4Kc3Q.uf-nFFZmmt__lFKgtdY9mEn8mC9ifIg4zbvsnJh-9yM
