Tilda UID;External ID;SKU;Title;Price;Quantity
650995464593;GID-77724;77724;Сиденье для унитаза с микролифтом GID KR-33, белое;3550;27
657604634453;GID-75503S;75503S;Сифон для раковины GID G-74BL, чёрный матовый;3350;237
969061471493;GID-75502S;75502S;Сифон для раковины GID G-56CH, хром;1800;64
918173153623;GID-76608K;76608K;Универсальный донный клапан GID G-69gmt, оружейная сталь / графит;2900;79
661828404773;GID-76606K;76606K;Универсальный донный клапан GID G-60W, белый;2550;166
731217549093;GID-76604K;76604K;Универсальный донный клапан GID G-58BL, чёрный глянцевый;2550;35
857686187213;GID-76603K;76603K;Универсальный донный клапан GID G-36CH, хром;2250;165
709161291793;GID-71102K;71102K;Донный клапан с переливом GID Wh100-1, белый;2050;351
169680634093;GID-73303K;73303K;Донный клапан с переливом GID Ch100-1, хром;1650;162
745209125893;GID-74403K;74403K;Донный клапан без перелива GID Whm100, белый матовый;2250;170
748655649153;GID-71101K;71101K;Донный клапан без перелива GID Wh100, белый;2050;333
899628570123;GID-76610K;76610K;Донный клапан без перелива GID Gdm100, матовое золото;2350;75
416909809133;GID-76602K;76602K;Донный клапан без перелива GID G-55BM, чёрный матовый;2250;83
661404045553;GID-76601K;76601K;Донный клапан без перелива GID G-54BL, чёрный глянцевый;2250;88
754925833153;GID-73302K;73302K;Донный клапан без перелива GID Ch100, хром;1650;233
914404193613;GID-74406K;74406K;Донный клапан без перелива GID Br100, коричневый матовый;2550;21
504954967943;GID-72201K;72201K;Донный клапан без перелива GID Bl100, чёрный глянцевый;2450;194
205649745703;GID-21106;21106;Напольное биде GID BDN-36, 56×36,5 см, белое;12400;23
658357534453;GID-21104;21104;Напольное биде GID BDN-30, 51,5×36,5 см, белое;12400;18
296674728343;GID-21102;21102;Подвесное биде GID BDP-96BL, 48×37 см, чёрное глянцевое;10450;19
682128914613;GID-62211Y;62211Y;Приставной унитаз GID TRS-263, белый;13800;82
896022676753;GID-62305Y;62305Y;Подвесной унитаз GID Tr2143TF-Lgm, серый матовый;15150;19
208991247253;GID-62303Y;62303Y;Подвесной унитаз GID Tr2143TF, белый;12750;25
721155957033;GID-62306Y;62306Y;Подвесной унитаз GID Tr2133TF-WM, белый матовый;22700;1
390849536433;GID-62307Y;62307Y;Подвесной унитаз GID Tr2133TF-TIFM, тиффани матовый;20000;21
358309840563;GID-62309Y;62309Y;Подвесной унитаз GID Tr2133TF-PKM, розовый матовый;22750;10
680729501103;GID-62308Y;62308Y;Подвесной унитаз GID Tr2133TF-ORM, оранжевый матовый;22750;18
317238690243;GID-62262Y;62262Y;Подвесной унитаз GID Tr2133TF, белый;14650;35
374026846313;GID-62267Y;62267Y;Подвесной унитаз GID Tr2130TFB, белый;12750;42
743244541363;GID-62266Y;62266Y;Подвесной унитаз GID Tr2130TF, белый;11250;35
941289163813;GID-62259Y;62259Y;Подвесной унитаз GID Tr2122TF-Lgm, серый матовый;20650;10
152081838683;GID-62208;62208;Напольный унитаз с бачком GID Tr2192-Y, желтый;14650;39
618049884103;GID-62241Y;62241Y;Напольный унитаз с бачком GID Tr2192-PK, розовый;14650;48
404022226423;GID-62206;62206;Напольный унитаз с бачком GID Tr2192-OR, оранжевый;14650;45
561471348313;GID-62207;62207;Напольный унитаз с бачком GID Tr2192-G, зеленый;14650;30
839915824093;GID-62242Y;62242Y;Напольный унитаз с бачком GID Tr2192-BU, голубой;14650;31
915190488973;GID-62271Y;62271Y;Напольный унитаз с бачком GID Tn2189TF, белый;19700;15
942731000273;GID-62247Y;62247Y;Напольный унитаз с бачком GID Tn2189, белый;16700;138
104463308783;GID-62269Y;62269Y;Напольный унитаз с бачком GID Tn2188TF-BM, чёрный матовый;21750;3
374055840593;GID-62245Y;62245Y;Напольный унитаз с бачком GID Tn2125, белый;14200;13
332184407173;GID-62244Y;62244Y;Напольный унитаз с бачком GID Tn2124, белый;15900;57
256353130543;GID-62243Y;62243Y;Напольный унитаз с бачком GID Tn2123, белый;13800;195
246294876623;GID-62273Y;62273Y;Напольный унитаз с бачком GID Tn2121, белый;13000;60
390569900413;GID-62272Y;62272Y;Напольный унитаз с бачком GID Tn2120, белый;13800;133
231098593923;GID-91114;91114;Сенсорный писсуар GID Q9509, 33×35 см, белый;34100;143
175842240973;GID-91109;91109;Сенсорный писсуар GID Q9504bm, 35×29 см, чёрный матовый;39750;92
581052757713;GID-91106;91106;Сенсорный писсуар GID Q9502, 35×29 см, белый;22250;87
595753457023;GID-91105;91105;Писсуар GID Q9501, 35×31 см, белый;14050;93
144353288223;GID-69919;69919;Напольная раковина GID Nb194-Y, 33×33 см, желтая;18650;36
366841474863;GID-69920;69920;Напольная раковина GID Nb194-pk, 33×33 см, розовая;18650;38
318845471743;GID-69918;69918;Напольная раковина GID Nb194-OR, 33×33 см, оранжевая;18650;2
465633672813;GID-69916;69916;Напольная раковина GID Nb194-G, 33×33 см, зеленая;18650;37
513107364373;GID-69917;69917;Напольная раковина GID Nb194-BU, 33×33 см, голубая;18650;28
932044809863;GID-69908;69908;Раковина с пьедесталом GID Nb192-Y, 43×36 см, желтая;14200;45
398868230063;GID-69909;69909;Раковина с пьедесталом GID Nb192-PK, 43×36 см, розовая;14200;47
456286406003;GID-69906;69906;Раковина с пьедесталом GID Nb192-OR, 43×36 см, оранжевая;14200;31
514108584643;GID-69907;69907;Раковина с пьедесталом GID Nb192-G, 43×36 см, зеленая;14200;23
152636268663;GID-69910;69910;Раковина с пьедесталом GID Nb192-BU, 43×36 см, голубая;14200;44
878522254113;GID-81107;81107;Напольная раковина GID Nb163, 46×46 см, белая;28300;110
764107239923;GID-81103;81103;Напольная раковина GID Nb145, 46,5×46,5 см, белая;22750;22
424579816173;GID-81102;81102;Напольная раковина GID Nb135, 46×46 см, белая;28300;80
752612234813;GID-81118;81118;Напольная раковина GID Nb130w, 40×40 см, белая;27400;85
353853651733;GID-81101;81101;Напольная раковина GID M9012, 30×33 см, белая;13800;14
150316594863;GID-71149;71149;Раковина встраиваемая снизу GID YJ848, 43,5×43,5 см, белая;5350;57
467063606453;GID-71154;71154;Раковина встраиваемая снизу GID Yj839, 56×43 см, белая;6950;26
367255173613;GID-71164;71164;Раковина встраиваемая снизу GID Yj837, 51,5×43 см, белая;6400;131
550225835723;GID-71153;71153;Раковина встраиваемая снизу GID Yj833, 61×40 см, белая;7850;25
353205614213;GID-71152;71152;Раковина встраиваемая снизу GID Yj832, 50×41 см, белая;7100;75
871333316033;GID-71148;71148;Раковина встраиваемая снизу GID YJ831, 47×36 см, белая;7250;56
774885640203;GID-71163;71163;Раковина встраиваемая снизу GID Yj8004, 60×39,5 см, белая;7700;24
133255149083;GID-71160;71160;Раковина встраиваемая сверху GID S1004, 61×40 см, белая;8350;76
641949127753;GID-71107;71107;Раковина встраиваемая сверху GID 9413, 56×49 см, белая;5200;90
919680272473;GID-71156;71156;Раковина встраиваемая сверху GID 9070s, 71×46,5 см, белая;10900;30
907859384083;GID-71161;71161;Раковина встраиваемая сверху GID 90120S, 121,5×46,5 см, белая;18650;12
457210977993;GID-71165;71165;Раковина встраиваемая сверху GID 5510s, 101×46,5 см, белая;15500;4
180223412573;GID-61130R;61130R;Подвесная раковина GID N9276R, 40,5×28 см, белая;5650;4
306119708823;GID-61130L;61130L;Подвесная раковина GID N9276L, 40,5×28 см, белая;5650;11
278037766283;GID-61106R;61106R;Подвесная раковина с чашей справа GID N9273R, 41×27 см, белая;3650;23
103078208493;GID-61105L;61105L;Подвесная раковина с чашей слева GID N9272L, 36,5×18 см, белая;5450;34
888884685663;GID-61122;61122;Подвесная раковина GID N9261, 38×22 см, белая;4800;34
521242175963;GID-61104;61104;Подвесная раковина GID N9135, 33×28 см, белая;6650;1
216514697123;GID-61103R;61103R;Подвесная раковина с чашей справа GID N9100R, 43,5×30 см, белая;5200;23
250661789103;GID-61103L;61103L;Подвесная раковина с чашей слева GID N9100L, 43,5×30 см, белая;5200;18
700160316783;GID-62205R;62205R;Подвесная раковина GID Bm9276R, 40,5×28 см, чёрная матовая;7300;4
480294585813;GID-62204L;62204L;Подвесная раковина GID Bm9274L, 40×21,5 см, чёрная матовая;7300;16
286644814723;GID-62202L;62202L;Подвесная раковина GID Bm9271L, 38×14,5 см, чёрная матовая;7100;14
573925112433;GID-62201R;62201R;Подвесная раковина GID Bm9270R, 40,5×20,5 см, чёрная матовая;7300;6
193131876343;GID-54477;54477;Накладная раковина GID Mnc811T, 61×37 см, под камень глянцевый;13800;30
685394342723;GID-54478;54478;Накладная раковина GID Mnc811C, 61×37 см, под камень глянцевый;13800;70
900861852973;GID-54459;54459;Накладная раковина GID Mnc600, 48×37 см, под камень глянцевый;6600;34
271158939073;GID-54464;54464;Накладная раковина GID Mnc503H012, 66,5×41 см, под камень глянцевый;12900;32
121131398753;GID-54437;54437;Накладная раковина GID Mnc489, 32×32 см, под камень глянцевый;8000;5
827742437333;GID-54436;54436;Накладная раковина GID Mnc488, 32×32 см, под камень глянцевый;8000;5
936966511063;GID-54434;54434;Накладная раковина GID Mnc486, 32×32 см, под камень глянцевый;8000;2
176564352413;GID-54476;54476;Накладная раковина GID Mnc396C, 60×34 см, под камень глянцевый;18050;7
473377253053;GID-54474;54474;Накладная раковина GID Mnc333T, 46×32,5 см, под камень глянцевый;18050;41
875488470993;GID-54427;54427;Накладная раковина GID Mnc206, 59×39 см, под камень глянцевый;11000;85
270256729763;GID-54423;54423;Накладная раковина GID Mnc186, 56×42 см, под камень глянцевый;12700;0
976558398513;GID-53322;53322;Накладная раковина GID K397D9, 50×40 см, под камень глянцевый;12400;39
192052537553;GID-54467;54467;Накладная раковина GID Bs9811, 61×37 см, под камень глянцевый;9950;31
336558999843;GID-54488;54488;Накладная раковина GID 630-xz, 48×38 см, под камень;16550;57
946977307633;GID-54486;54486;Накладная раковина GID 630-ws, 48×38 см, под камень;16550;77
100858973313;GID-54485;54485;Накладная раковина GID 630-ts, 48×38 см, под камень;16550;77
158465261843;GID-54489;54489;Накладная раковина GID 630-dg, 48×38 см, под камень;16550;84
224026641083;GID-54487;54487;Накладная раковина GID 630-bs, 48×38 см, под камень;16550;87
429661628823;GID-54482;54482;Накладная раковина GID 530-ws, 49×37 см, под камень;16550;59
361726947003;GID-54484;54484;Накладная раковина GID 530-ts, 49×37 см, под камень;16550;66
728315255903;GID-54483;54483;Накладная раковина GID 530-bs, 49×37 см, под камень;16550;75
858819897593;GID-52225;52225;Накладная раковина GID Nc9399, 60×34 см, белая / чёрная;10100;0
742794236123;GID-52222;52222;Накладная раковина GID Nc472, 60×41 см, белая / золото;8700;190
160679523713;GID-53340;53340;Накладная раковина GID Gd9811, 61×37 см, золото;17100;14
571449914663;GID-53409;53409;Накладная раковина GID 9133tifm, 48×30,5 см, тиффани матовая;14950;5
870033378703;GID-53408;53408;Накладная раковина GID 9133pkm, 48×30,5 см, розовая матовая;14950;5
660176713683;GID-53405;53405;Накладная раковина GID 9081orm, 36×36 см, оранжевая матовая;15450;9
208830164233;GID-53404;53404;Накладная раковина GID 9081gnm, 36×36 см, серая матовая;15450;15
230355882383;GID-52235;52235;Накладная раковина GID 9030s, 48×34 см, хром;8550;42
663661141543;GID-52234;52234;Накладная раковина GID 9030g, 48×34 см, золото;8550;263
237853400023;GID-53413;53413;Накладная раковина GID 1335bum, 40×30 см, синяя матовая;14200;0
197055359703;GID-53379;53379;Накладная раковина GID N9020bg, 52,5×30,5 см, чёрный графит;7300;14
617571938363;GID-53352;53352;Накладная раковина GID Bm9133, 48×30,5 см, чёрная матовая;7700;87
842472400593;GID-53353;53353;Накладная раковина GID Bm9092, 55×31 см, чёрная матовая;8250;51
763634335393;GID-53407;53407;Накладная раковина GID 9030cs, 48×34 см, чёрная матовая;8700;27
769725112333;GID-52232;52232;Накладная раковина GID 9030bf, 48×34 см, чёрная глянцевая;6550;171
613575189943;GID-51189;51189;Накладная раковина GID Wm9396, 60×34 см, белая матовая;11600;50
526990158033;GID-51231;51231;Накладная раковина GID N9599, 61×38 см, белая;12050;18
361395346053;GID-51228;51228;Накладная раковина GID N9496, 60,5×37 см, белая;8250;204
310056093413;GID-51150;51150;Накладная раковина GID N9436, 55×40 см, белая;9650;29
340230992313;GID-51140;51140;Накладная раковина GID N9396, 60×34 см, белая;8400;9
457692559173;GID-51172;51172;Накладная раковина GID N9256, 60×42 см, белая;8250;44
749167868333;GID-51128;51128;Накладная раковина GID N9175, 66,5×41 см, белая;7900;45
592402858903;GID-51214;51214;Накладная раковина GID N9145, 45,5×40 см, белая;4700;6
622352278203;GID-51201;51201;Накладная раковина GID N9133, 48×30,5 см, белая;5500;187
746823486733;GID-51236;51236;Накладная раковина GID N9104, 52×41 см, белая;4950;4
900831060993;GID-51120;51120;Накладная раковина GID N9103, 48×37 см, белая;6950;54
181716161553;GID-51202;51202;Накладная раковина GID N9092, 55×31 см, белая;4850;57
337918597813;GID-51176;51176;Накладная раковина GID N9091, 48×37 см, белая;4150;54
872374550313;GID-51167;51167;Накладная раковина GID N9050, 59×37 см, белая;8350;37
105777501733;GID-51184;51184;Накладная раковина GID N9047, 55×42 см, белая;7700;12
738872269593;GID-51235;51235;Накладная раковина GID N9030ds, 40×30 см, белая;5200;71
203002560773;GID-51115;51115;Накладная раковина GID N9030b, 48×34 см, белая;4950;77
395779434363;GID-51114;51114;Накладная раковина GID N9030a, 60×41 см, белая;6900;131
504582707023;GID-51233;51233;Накладная раковина GID N9028, 53×36 см, белая;5800;51
139183399713;GID-51113;51113;Накладная раковина GID N9026b, 48×35 см, белая;4950;2
951227035243;GID-51112;51112;Накладная раковина GID N9026a, 60×40 см, белая;7600;6
481250698923;GID-51111;51111;Накладная раковина GID N9025, 56×35 см, белая;5350;103
252065324203;GID-51109;51109;Накладная раковина GID N9021, 52×32 см, белая;6300;27
987722510033;GID-51107;51107;Накладная раковина GID N9018, 59×39 см, белая;4550;30
134273315763;GID-51105;51105;Накладная раковина GID N9011, 40×40 см, белая;4300;108
720857861253;GID-51103;51103;Накладная раковина GID N9003a, 43×43 см, белая;3400;47
921537031923;GID-51101;51101;Накладная раковина GID N9001, 45×45 см, белая;3900;3
439924727573;GID-51238;51238;Накладная раковина GID N1335, 40×30 см, белая;4700;29
487683185943;GID-51239;51239;Накладная раковина GID N1330, 46,5×32 см, белая;6100;95
648400799923;GID-51240;51240;Накладная раковина GID N1205, 50,5×34,5 см, белая;11750;95
451822927183;GID-51225;51225;Накладная раковина GID N1204, 45×32 см, белая;8000;121
136778429173;GID-51245;51245;Накладная раковина GID D1480, 49×31 см, белая;9650;6
662598501153;GID-51203;51203;Накладная раковина GID D1479, 61×38,5 см, белая;9200;28
568210540713;GID-51194;51194;Накладная раковина GID D1346, 61×41 см, белая;9350;0
890403499223;GID-51241;51241;Накладная раковина GID 9030wx, 60×40 см, белая;10100;7
660098883633;GID-51223;51223;Накладная раковина GID 888s, 60×38,5 см, белая;11950;57
868203979263;GID-51222;51222;Накладная раковина GID 777s, 60×39 см, белая;9650;52
756171801053;GID-L120BMD;L120BMD;Высокий смеситель для раковины GID Victoria L120-BM-D, чёрный матовый;11450;13
689536645943;GID-L066BMNS;L066BMNS;Смеситель для раковины скрытого монтажа GID Panther L066-BM-NS, чёрный матовый;17900;19
336462312753;GID-L066BMD;L066BMD;Высокий смеситель для раковины GID Panther L066-BM-D, чёрный матовый;16250;15
771479202153;GID-L057BMD;L057BMD;Высокий смеситель для раковины GID Niagara L057-BM-D, чёрный матовый;9700;28
946675996763;GID-SS070BMD;SS070BMD;Высокий смеситель для раковины GID Edessa SS070-BM-D, чёрный матовый;8900;13
837936515073;GID-L070GMSDV;L070GMSDV;Напольный смеситель для ванны GID Edessa L070-GM-SDV, оружейная сталь / графит;41350;6
487052220963;GID-L070BMSDV;L070BMSDV;Напольный смеситель для ванны GID Edessa L070-BM-SDV, чёрный матовый;29650;16
882382452493;GID-C054Y;C054Y;Смеситель для детской раковины GID Dambo 054Y, желтый;4300;40
397448055513;GID-C054PK;C054PK;Смеситель для детской раковины GID Dambo 054PK, розовый;4300;48
521663089243;GID-C054OR;C054OR;Смеситель для детской раковины GID Dambo 054OR, оранжевый;4300;39
774282642563;GID-C054G;C054G;Смеситель для детской раковины GID Dambo 054G, зеленый;4300;42
458284965933;GID-C054BU;C054BU;Смеситель для детской раковины GID Dambo 054BU, голубой;4300;40
393909113783;GID-SS979BMK;SS979BMK;Смеситель для раковины GID Anchel SS979-BM-K, чёрный матовый;5650;7
279865505703;GID-L070GMVD2;L070GMVD2;Душевой комплект скрытого монтажа GID Edessa L070-GM-VD2, оружейная сталь / графит;28650;4
560217965463;GID-L070BMND3;L070BMND3;Душевая система наружного монтажа GID Edessa L070-BM-ND3, чёрная матовая;24650;18
